dms,epoch,avg_zero_shot_fitness_spearman
A0A140D2T1_ZIKV_Sourisseau_2019,-1,0.21598923107545817
A0A140D2T1_ZIKV_Sourisseau_2019,0,0.2178253679565217
A0A140D2T1_ZIKV_Sourisseau_2019,1,0.22599940694355183
A0A140D2T1_ZIKV_Sourisseau_2019,2,0.23896179584110622
A0A140D2T1_ZIKV_Sourisseau_2019,3,0.24205040090575738
A0A140D2T1_ZIKV_Sourisseau_2019,4,0.24561126001311076
A0A192B1T2_9HIV1_Haddox_2018,-1,0.07986937653366707
A0A192B1T2_9HIV1_Haddox_2018,0,0.26456934629121404
A0A192B1T2_9HIV1_Haddox_2018,1,0.3895586657393971
A0A192B1T2_9HIV1_Haddox_2018,2,0.42813030174519423
A0A192B1T2_9HIV1_Haddox_2018,3,0.43807134781522306
A0A192B1T2_9HIV1_Haddox_2018,4,0.4366041036297192
A0A1I9GEU1_NEIME_Kennouche_2019,-1,0.029735601655228507
A0A1I9GEU1_NEIME_Kennouche_2019,0,0.03903325785694726
A0A1I9GEU1_NEIME_Kennouche_2019,1,0.057753917260251336
A0A1I9GEU1_NEIME_Kennouche_2019,2,0.0941378861787062
A0A1I9GEU1_NEIME_Kennouche_2019,3,0.08786049979739836
A0A1I9GEU1_NEIME_Kennouche_2019,4,0.081084925669824
A0A247D711_LISMN_Stadelmann_2021,-1,0.06618198243282486
A0A247D711_LISMN_Stadelmann_2021,0,0.06621206441655333
A0A247D711_LISMN_Stadelmann_2021,1,0.06627869895768426
A0A247D711_LISMN_Stadelmann_2021,2,0.06632615527092066
A0A247D711_LISMN_Stadelmann_2021,3,0.06676550431485094
A0A247D711_LISMN_Stadelmann_2021,4,0.06700953533335488
A0A2Z5U3Z0_9INFA_Doud_2016,-1,0.5066835143261686
A0A2Z5U3Z0_9INFA_Doud_2016,0,0.47860118798543216
A0A2Z5U3Z0_9INFA_Doud_2016,1,0.4495316738152129
A0A2Z5U3Z0_9INFA_Doud_2016,2,0.4328162296406497
A0A2Z5U3Z0_9INFA_Doud_2016,3,0.4291006913778713
A0A2Z5U3Z0_9INFA_Doud_2016,4,0.4291621152126628
A0A2Z5U3Z0_9INFA_Wu_2014,-1,0.46399213287498053
A0A2Z5U3Z0_9INFA_Wu_2014,0,0.44887385400915325
A0A2Z5U3Z0_9INFA_Wu_2014,1,0.4314326166295286
A0A2Z5U3Z0_9INFA_Wu_2014,2,0.422083855550932
A0A2Z5U3Z0_9INFA_Wu_2014,3,0.41666975242620313
A0A2Z5U3Z0_9INFA_Wu_2014,4,0.41368023547599564
A4D664_9INFA_Soh_2019,-1,0.1487959353366478
A4D664_9INFA_Soh_2019,0,0.15883222152758317
A4D664_9INFA_Soh_2019,1,0.20618068949792637
A4D664_9INFA_Soh_2019,2,0.2633064013333335
A4D664_9INFA_Soh_2019,3,0.2573610751029608
A4D664_9INFA_Soh_2019,4,0.23943500784930785
A4GRB6_PSEAI_Chen_2020,-1,0.738149489302341
A4GRB6_PSEAI_Chen_2020,0,0.7441168733720206
A4GRB6_PSEAI_Chen_2020,1,0.7479855472885004
A4GRB6_PSEAI_Chen_2020,2,0.7516008699738127
A4GRB6_PSEAI_Chen_2020,3,0.7530543524687927
A4GRB6_PSEAI_Chen_2020,4,0.7519034880735177
A4_HUMAN_Seuma_2022,-1,0.43107662170935607
A4_HUMAN_Seuma_2022,0,0.4513066835662472
A4_HUMAN_Seuma_2022,1,0.4772194056635539
A4_HUMAN_Seuma_2022,2,0.37240660331959696
A4_HUMAN_Seuma_2022,3,0.33071531218204314
A4_HUMAN_Seuma_2022,4,0.2937339966913323
AACC1_PSEAI_Dandage_2018,-1,0.49039038229593235
AACC1_PSEAI_Dandage_2018,0,0.49572124860106814
AACC1_PSEAI_Dandage_2018,1,0.4948497512709515
AACC1_PSEAI_Dandage_2018,2,0.4961384996827386
AACC1_PSEAI_Dandage_2018,3,0.5033093437542864
AACC1_PSEAI_Dandage_2018,4,0.5087986855545155
ACE2_HUMAN_Chan_2020,-1,0.22452148266132615
ACE2_HUMAN_Chan_2020,0,0.20702211344662363
ACE2_HUMAN_Chan_2020,1,0.2230597735741302
ACE2_HUMAN_Chan_2020,2,0.22375275858180427
ACE2_HUMAN_Chan_2020,3,0.2141140750476562
ACE2_HUMAN_Chan_2020,4,0.2121420766647437
ADRB2_HUMAN_Jones_2020,-1,0.49263659524506076
ADRB2_HUMAN_Jones_2020,0,0.5089077813131005
ADRB2_HUMAN_Jones_2020,1,0.5225035682446506
ADRB2_HUMAN_Jones_2020,2,0.5055493343889282
ADRB2_HUMAN_Jones_2020,3,0.5000363997692235
ADRB2_HUMAN_Jones_2020,4,0.4912481257244496
AICDA_HUMAN_Gajula_2014_3cycles,-1,0.328900535162372
AICDA_HUMAN_Gajula_2014_3cycles,0,0.41961960337924453
AICDA_HUMAN_Gajula_2014_3cycles,1,0.44844026545928173
AICDA_HUMAN_Gajula_2014_3cycles,2,0.36481962322436723
AICDA_HUMAN_Gajula_2014_3cycles,3,0.321574485882012
AICDA_HUMAN_Gajula_2014_3cycles,4,0.3339687718412418
AMFR_HUMAN_Tsuboyama_2023_4G3O,-1,0.2608184501468837
AMFR_HUMAN_Tsuboyama_2023_4G3O,0,0.22668829954799452
AMFR_HUMAN_Tsuboyama_2023_4G3O,1,0.22572284535586676
AMFR_HUMAN_Tsuboyama_2023_4G3O,2,0.22835465238089303
AMFR_HUMAN_Tsuboyama_2023_4G3O,3,0.23075022045659785
AMFR_HUMAN_Tsuboyama_2023_4G3O,4,0.23387377868037235
AMIE_PSEAE_Wrenbeck_2017,-1,0.5568903554161347
AMIE_PSEAE_Wrenbeck_2017,0,0.5834127937075366
AMIE_PSEAE_Wrenbeck_2017,1,0.6078722345994174
AMIE_PSEAE_Wrenbeck_2017,2,0.6122921578491196
AMIE_PSEAE_Wrenbeck_2017,3,0.602965102901283
AMIE_PSEAE_Wrenbeck_2017,4,0.5801994022849777
ANCSZ_Hobbs_2022,-1,0.6093008095643682
ANCSZ_Hobbs_2022,0,0.5837741015509522
ANCSZ_Hobbs_2022,1,0.5468926037509072
ANCSZ_Hobbs_2022,2,0.5181314729641625
ANCSZ_Hobbs_2022,3,0.5008966481230727
ANCSZ_Hobbs_2022,4,0.4885571939686156
ARGR_ECOLI_Tsuboyama_2023_1AOY,-1,0.4964735717322099
ARGR_ECOLI_Tsuboyama_2023_1AOY,0,0.5012735253116618
ARGR_ECOLI_Tsuboyama_2023_1AOY,1,0.4906884593306935
ARGR_ECOLI_Tsuboyama_2023_1AOY,2,0.3781181155408341
ARGR_ECOLI_Tsuboyama_2023_1AOY,3,0.3551097684068135
ARGR_ECOLI_Tsuboyama_2023_1AOY,4,0.3593989574786113
B2L11_HUMAN_Dutta_2010_binding-Mcl-1,-1,0.26841922069357177
B2L11_HUMAN_Dutta_2010_binding-Mcl-1,0,0.2315874964124548
B2L11_HUMAN_Dutta_2010_binding-Mcl-1,1,0.21810931784735074
B2L11_HUMAN_Dutta_2010_binding-Mcl-1,2,0.21465685642913876
B2L11_HUMAN_Dutta_2010_binding-Mcl-1,3,0.20626034281666578
B2L11_HUMAN_Dutta_2010_binding-Mcl-1,4,0.19943576309377692
BBC1_YEAST_Tsuboyama_2023_1TG0,-1,0.47907721819415017
BBC1_YEAST_Tsuboyama_2023_1TG0,0,0.3923654793757436
BBC1_YEAST_Tsuboyama_2023_1TG0,1,0.3709480644884064
BBC1_YEAST_Tsuboyama_2023_1TG0,2,0.37174263888881537
BBC1_YEAST_Tsuboyama_2023_1TG0,3,0.3623755939136428
BBC1_YEAST_Tsuboyama_2023_1TG0,4,0.34161265754289766
BCHB_CHLTE_Tsuboyama_2023_2KRU,-1,0.5098791208408558
BCHB_CHLTE_Tsuboyama_2023_2KRU,0,0.4500544664498282
BCHB_CHLTE_Tsuboyama_2023_2KRU,1,0.41170873771298455
BCHB_CHLTE_Tsuboyama_2023_2KRU,2,0.41102949447153103
BCHB_CHLTE_Tsuboyama_2023_2KRU,3,0.4071586994927327
BCHB_CHLTE_Tsuboyama_2023_2KRU,4,0.3980245200298465
BLAT_ECOLX_Deng_2012,-1,0.5280935188335961
BLAT_ECOLX_Deng_2012,0,0.5329882502449934
BLAT_ECOLX_Deng_2012,1,0.5114947638533445
BLAT_ECOLX_Deng_2012,2,0.459192801212692
BLAT_ECOLX_Deng_2012,3,0.4175273229415144
BLAT_ECOLX_Deng_2012,4,0.38000015358053063
BLAT_ECOLX_Firnberg_2014,-1,0.7371280501500458
BLAT_ECOLX_Firnberg_2014,0,0.7295253732426769
BLAT_ECOLX_Firnberg_2014,1,0.6828214024312423
BLAT_ECOLX_Firnberg_2014,2,0.5874157944697591
BLAT_ECOLX_Firnberg_2014,3,0.49748879013544656
BLAT_ECOLX_Firnberg_2014,4,0.4566917055307904
BLAT_ECOLX_Jacquier_2013,-1,0.7038052227475271
BLAT_ECOLX_Jacquier_2013,0,0.7093053542551689
BLAT_ECOLX_Jacquier_2013,1,0.6873613020723002
BLAT_ECOLX_Jacquier_2013,2,0.606394192305132
BLAT_ECOLX_Jacquier_2013,3,0.5584064467164367
BLAT_ECOLX_Jacquier_2013,4,0.5226546226412092
BLAT_ECOLX_Stiffler_2015,-1,0.7315124859969391
BLAT_ECOLX_Stiffler_2015,0,0.7246609157594893
BLAT_ECOLX_Stiffler_2015,1,0.6759613631107955
BLAT_ECOLX_Stiffler_2015,2,0.578759590181112
BLAT_ECOLX_Stiffler_2015,3,0.5159935293697837
BLAT_ECOLX_Stiffler_2015,4,0.4614782746121773
BRCA1_HUMAN_Findlay_2018,-1,0.5154255510898349
BRCA1_HUMAN_Findlay_2018,0,0.4807962676130771
BRCA1_HUMAN_Findlay_2018,1,0.46346743341278324
BRCA1_HUMAN_Findlay_2018,2,0.45095598037115175
BRCA1_HUMAN_Findlay_2018,3,0.4404207384009819
BRCA1_HUMAN_Findlay_2018,4,0.42848459211138074
BRCA2_HUMAN_Erwood_2022_HEK293T,-1,0.5106688247204633
BRCA2_HUMAN_Erwood_2022_HEK293T,0,0.512215143347219
BRCA2_HUMAN_Erwood_2022_HEK293T,1,0.5013489985684624
BRCA2_HUMAN_Erwood_2022_HEK293T,2,0.4820496782264409
BRCA2_HUMAN_Erwood_2022_HEK293T,3,0.4733114948606508
BRCA2_HUMAN_Erwood_2022_HEK293T,4,0.4660506325848929
C6KNH7_9INFA_Lee_2018,-1,0.48307713063017055
C6KNH7_9INFA_Lee_2018,0,0.44922106984134325
C6KNH7_9INFA_Lee_2018,1,0.3616932833746971
C6KNH7_9INFA_Lee_2018,2,0.2984818416544965
C6KNH7_9INFA_Lee_2018,3,0.2664476086899716
C6KNH7_9INFA_Lee_2018,4,0.25238892027837173
CALM1_HUMAN_Weile_2017,-1,0.21165612555022323
CALM1_HUMAN_Weile_2017,0,0.2426426211387194
CALM1_HUMAN_Weile_2017,1,0.2563953385604757
CALM1_HUMAN_Weile_2017,2,0.2671337801597207
CALM1_HUMAN_Weile_2017,3,0.2683123111111016
CALM1_HUMAN_Weile_2017,4,0.27086439800796763
CAPSD_AAV2S_Sinai_2021,-1,0.27637354946849657
CAPSD_AAV2S_Sinai_2021,0,0.31631882834687586
CAPSD_AAV2S_Sinai_2021,1,0.35188429810939986
CAPSD_AAV2S_Sinai_2021,2,0.375963325360952
CAPSD_AAV2S_Sinai_2021,3,0.4060295680981477
CAPSD_AAV2S_Sinai_2021,4,0.4169445897146017
CAR11_HUMAN_Meitlis_2020_gof,-1,0.327416632473427
CAR11_HUMAN_Meitlis_2020_gof,0,0.26638144255369284
CAR11_HUMAN_Meitlis_2020_gof,1,0.2686497252741863
CAR11_HUMAN_Meitlis_2020_gof,2,0.2803319244397821
CAR11_HUMAN_Meitlis_2020_gof,3,0.2872807108811267
CAR11_HUMAN_Meitlis_2020_gof,4,0.290493442145633
CAR11_HUMAN_Meitlis_2020_lof,-1,0.5016684178025437
CAR11_HUMAN_Meitlis_2020_lof,0,0.44553884737984567
CAR11_HUMAN_Meitlis_2020_lof,1,0.43729405138915395
CAR11_HUMAN_Meitlis_2020_lof,2,0.4356292184326293
CAR11_HUMAN_Meitlis_2020_lof,3,0.43219536944316456
CAR11_HUMAN_Meitlis_2020_lof,4,0.43571152466411434
CAS9_STRP1_Spencer_2017_positive,-1,0.18208272875188136
CAS9_STRP1_Spencer_2017_positive,0,0.19438944902072658
CAS9_STRP1_Spencer_2017_positive,1,0.19379147829372637
CAS9_STRP1_Spencer_2017_positive,2,0.18937321703839843
CAS9_STRP1_Spencer_2017_positive,3,0.18327619964062725
CAS9_STRP1_Spencer_2017_positive,4,0.17571769461516346
CASP3_HUMAN_Roychowdhury_2020,-1,0.6374856697311677
CASP3_HUMAN_Roychowdhury_2020,0,0.636012316119224
CASP3_HUMAN_Roychowdhury_2020,1,0.6388247901248096
CASP3_HUMAN_Roychowdhury_2020,2,0.6430067004025826
CASP3_HUMAN_Roychowdhury_2020,3,0.642205024554695
CASP3_HUMAN_Roychowdhury_2020,4,0.6384761613961878
CASP7_HUMAN_Roychowdhury_2020,-1,0.6220912397067682
CASP7_HUMAN_Roychowdhury_2020,0,0.6122153761317787
CASP7_HUMAN_Roychowdhury_2020,1,0.5882925347425393
CASP7_HUMAN_Roychowdhury_2020,2,0.5816461634233856
CASP7_HUMAN_Roychowdhury_2020,3,0.5695312800574029
CASP7_HUMAN_Roychowdhury_2020,4,0.5646766633633303
CATR_CHLRE_Tsuboyama_2023_2AMI,-1,0.658304079956461
CATR_CHLRE_Tsuboyama_2023_2AMI,0,0.6356252683899613
CATR_CHLRE_Tsuboyama_2023_2AMI,1,0.6187550132857319
CATR_CHLRE_Tsuboyama_2023_2AMI,2,0.6016674250690609
CATR_CHLRE_Tsuboyama_2023_2AMI,3,0.591130781870428
CATR_CHLRE_Tsuboyama_2023_2AMI,4,0.5953714223950353
CBPA2_HUMAN_Tsuboyama_2023_1O6X,-1,0.7013645045675212
CBPA2_HUMAN_Tsuboyama_2023_1O6X,0,0.7120230791120803
CBPA2_HUMAN_Tsuboyama_2023_1O6X,1,0.738875373815969
CBPA2_HUMAN_Tsuboyama_2023_1O6X,2,0.7692137978328244
CBPA2_HUMAN_Tsuboyama_2023_1O6X,3,0.7594271524428474
CBPA2_HUMAN_Tsuboyama_2023_1O6X,4,0.7497969252256328
CBS_HUMAN_Sun_2020,-1,0.3422514799944782
CBS_HUMAN_Sun_2020,0,0.33742207872108565
CBS_HUMAN_Sun_2020,1,0.328179825077716
CBS_HUMAN_Sun_2020,2,0.32256122239716
CBS_HUMAN_Sun_2020,3,0.3231910554079182
CBS_HUMAN_Sun_2020,4,0.3252862251976133
CBX4_HUMAN_Tsuboyama_2023_2K28,-1,0.6815663346500896
CBX4_HUMAN_Tsuboyama_2023_2K28,0,0.5699882071347514
CBX4_HUMAN_Tsuboyama_2023_2K28,1,0.5259411074108007
CBX4_HUMAN_Tsuboyama_2023_2K28,2,0.5436821403683322
CBX4_HUMAN_Tsuboyama_2023_2K28,3,0.5516939152930057
CBX4_HUMAN_Tsuboyama_2023_2K28,4,0.5538403173470665
CCDB_ECOLI_Adkar_2012,-1,0.4658547052321714
CCDB_ECOLI_Adkar_2012,0,0.47845166549960355
CCDB_ECOLI_Adkar_2012,1,0.47914211091542114
CCDB_ECOLI_Adkar_2012,2,0.4155330628165724
CCDB_ECOLI_Adkar_2012,3,0.3394226213925194
CCDB_ECOLI_Adkar_2012,4,0.2914067395640742
CCDB_ECOLI_Tripathi_2016,-1,0.5115258710479207
CCDB_ECOLI_Tripathi_2016,0,0.5181477170043018
CCDB_ECOLI_Tripathi_2016,1,0.5451431567809171
CCDB_ECOLI_Tripathi_2016,2,0.523250588883309
CCDB_ECOLI_Tripathi_2016,3,0.4677097098514146
CCDB_ECOLI_Tripathi_2016,4,0.46516129281522045
CCR5_HUMAN_Gill_2023,-1,0.34750597991136656
CCR5_HUMAN_Gill_2023,0,0.34064228413628356
CCR5_HUMAN_Gill_2023,1,0.31598642270535326
CCR5_HUMAN_Gill_2023,2,0.2913883772939332
CCR5_HUMAN_Gill_2023,3,0.2696824830753601
CCR5_HUMAN_Gill_2023,4,0.2593964806750461
CD19_HUMAN_Klesmith_2019_FMC_singles,-1,0.04987904403897395
CD19_HUMAN_Klesmith_2019_FMC_singles,0,0.032120342982431674
CD19_HUMAN_Klesmith_2019_FMC_singles,1,0.03871994046994052
CD19_HUMAN_Klesmith_2019_FMC_singles,2,0.06328756238527823
CD19_HUMAN_Klesmith_2019_FMC_singles,3,0.11294081646173121
CD19_HUMAN_Klesmith_2019_FMC_singles,4,0.14265381335606944
CP2C9_HUMAN_Amorosi_2021_abundance,-1,0.6345104943427199
CP2C9_HUMAN_Amorosi_2021_abundance,0,0.601242749709746
CP2C9_HUMAN_Amorosi_2021_abundance,1,0.5743297770159117
CP2C9_HUMAN_Amorosi_2021_abundance,2,0.5528010337299042
CP2C9_HUMAN_Amorosi_2021_abundance,3,0.5486325425983457
CP2C9_HUMAN_Amorosi_2021_abundance,4,0.548755798054273
CP2C9_HUMAN_Amorosi_2021_activity,-1,0.6789040699528627
CP2C9_HUMAN_Amorosi_2021_activity,0,0.6330769463088588
CP2C9_HUMAN_Amorosi_2021_activity,1,0.5889101704827593
CP2C9_HUMAN_Amorosi_2021_activity,2,0.57013917788184
CP2C9_HUMAN_Amorosi_2021_activity,3,0.562228258013248
CP2C9_HUMAN_Amorosi_2021_activity,4,0.562910389983532
CSN4_MOUSE_Tsuboyama_2023_1UFM,-1,0.4841494865703043
CSN4_MOUSE_Tsuboyama_2023_1UFM,0,0.4174704325618666
CSN4_MOUSE_Tsuboyama_2023_1UFM,1,0.407881733563598
CSN4_MOUSE_Tsuboyama_2023_1UFM,2,0.41489752790269047
CSN4_MOUSE_Tsuboyama_2023_1UFM,3,0.42739818935585105
CSN4_MOUSE_Tsuboyama_2023_1UFM,4,0.43591958358634236
CUE1_YEAST_Tsuboyama_2023_2MYX,-1,0.5466360682636131
CUE1_YEAST_Tsuboyama_2023_2MYX,0,0.5471057686174711
CUE1_YEAST_Tsuboyama_2023_2MYX,1,0.5478340358414285
CUE1_YEAST_Tsuboyama_2023_2MYX,2,0.5524505842519363
CUE1_YEAST_Tsuboyama_2023_2MYX,3,0.554966735519995
CUE1_YEAST_Tsuboyama_2023_2MYX,4,0.5582230305291236
D7PM05_CLYGR_Somermeyer_2022,-1,0.0499496341461066
D7PM05_CLYGR_Somermeyer_2022,0,0.0608020071108137
D7PM05_CLYGR_Somermeyer_2022,1,0.09034256118242211
D7PM05_CLYGR_Somermeyer_2022,2,0.17138916644717392
D7PM05_CLYGR_Somermeyer_2022,3,0.24267719720130093
D7PM05_CLYGR_Somermeyer_2022,4,0.3084967190764109
DLG4_HUMAN_Faure_2021,-1,0.5840888179461902
DLG4_HUMAN_Faure_2021,0,0.4918707955950546
DLG4_HUMAN_Faure_2021,1,0.4556551984366906
DLG4_HUMAN_Faure_2021,2,0.4464981468223918
DLG4_HUMAN_Faure_2021,3,0.4413224122568595
DLG4_HUMAN_Faure_2021,4,0.43439913928151186
DLG4_RAT_McLaughlin_2012,-1,0.5430295593983422
DLG4_RAT_McLaughlin_2012,0,0.39324625272533315
DLG4_RAT_McLaughlin_2012,1,0.3743401718721944
DLG4_RAT_McLaughlin_2012,2,0.3652934376308243
DLG4_RAT_McLaughlin_2012,3,0.3558714801496804
DLG4_RAT_McLaughlin_2012,4,0.3414148286864804
DN7A_SACS2_Tsuboyama_2023_1JIC,-1,0.33687193327860293
DN7A_SACS2_Tsuboyama_2023_1JIC,0,0.3373580650206213
DN7A_SACS2_Tsuboyama_2023_1JIC,1,0.3374382414326295
DN7A_SACS2_Tsuboyama_2023_1JIC,2,0.3378965590537545
DN7A_SACS2_Tsuboyama_2023_1JIC,3,0.3381296707182995
DN7A_SACS2_Tsuboyama_2023_1JIC,4,0.3393358211434719
DNJA1_HUMAN_Tsuboyama_2023_2LO1,-1,0.8031422294031612
DNJA1_HUMAN_Tsuboyama_2023_2LO1,0,0.7761310203707721
DNJA1_HUMAN_Tsuboyama_2023_2LO1,1,0.713345818388496
DNJA1_HUMAN_Tsuboyama_2023_2LO1,2,0.6754977466005067
DNJA1_HUMAN_Tsuboyama_2023_2LO1,3,0.6708626068370741
DNJA1_HUMAN_Tsuboyama_2023_2LO1,4,0.6615242562107505
DOCK1_MOUSE_Tsuboyama_2023_2M0Y,-1,0.531355882274386
DOCK1_MOUSE_Tsuboyama_2023_2M0Y,0,0.5543938900023673
DOCK1_MOUSE_Tsuboyama_2023_2M0Y,1,0.4956611080824557
DOCK1_MOUSE_Tsuboyama_2023_2M0Y,2,0.4652215934026438
DOCK1_MOUSE_Tsuboyama_2023_2M0Y,3,0.4543606361888257
DOCK1_MOUSE_Tsuboyama_2023_2M0Y,4,0.4493212011354025
DYR_ECOLI_Nguyen_2023,-1,0.5442490646225981
DYR_ECOLI_Nguyen_2023,0,0.5377663436352588
DYR_ECOLI_Nguyen_2023,1,0.4665492278210853
DYR_ECOLI_Nguyen_2023,2,0.3161339204417447
DYR_ECOLI_Nguyen_2023,3,0.2765622531103194
DYR_ECOLI_Nguyen_2023,4,0.25543826505246436
DYR_ECOLI_Thompson_2019,-1,0.48000750928813185
DYR_ECOLI_Thompson_2019,0,0.49126401404518477
DYR_ECOLI_Thompson_2019,1,0.47509223293691116
DYR_ECOLI_Thompson_2019,2,0.37834994891780505
DYR_ECOLI_Thompson_2019,3,0.3362715078157067
DYR_ECOLI_Thompson_2019,4,0.3228694678340088
ENVZ_ECOLI_Ghose_2023,-1,0.17161343958121153
ENVZ_ECOLI_Ghose_2023,0,0.1640338639014094
ENVZ_ECOLI_Ghose_2023,1,0.10001830299745322
ENVZ_ECOLI_Ghose_2023,2,0.07671484706676515
ENVZ_ECOLI_Ghose_2023,3,0.06637779419627844
ENVZ_ECOLI_Ghose_2023,4,0.06297290115166268
ENV_HV1B9_DuenasDecamp_2016,-1,0.011963195215834499
ENV_HV1B9_DuenasDecamp_2016,0,0.0019291581952280345
ENV_HV1B9_DuenasDecamp_2016,1,0.16520705531043023
ENV_HV1B9_DuenasDecamp_2016,2,0.15288020807949604
ENV_HV1B9_DuenasDecamp_2016,3,0.22597451376560454
ENV_HV1B9_DuenasDecamp_2016,4,0.29571909310245637
ENV_HV1BR_Haddox_2016,-1,0.0456583185306374
ENV_HV1BR_Haddox_2016,0,0.19279536511103892
ENV_HV1BR_Haddox_2016,1,0.26246084788098384
ENV_HV1BR_Haddox_2016,2,0.27099226856573044
ENV_HV1BR_Haddox_2016,3,0.2746473572503297
ENV_HV1BR_Haddox_2016,4,0.2651236386124478
EPHB2_HUMAN_Tsuboyama_2023_1F0M,-1,0.8104208376751028
EPHB2_HUMAN_Tsuboyama_2023_1F0M,0,0.7996080888957638
EPHB2_HUMAN_Tsuboyama_2023_1F0M,1,0.7576715905614014
EPHB2_HUMAN_Tsuboyama_2023_1F0M,2,0.728937422534051
EPHB2_HUMAN_Tsuboyama_2023_1F0M,3,0.7152335604748392
EPHB2_HUMAN_Tsuboyama_2023_1F0M,4,0.7124255134036523
ERBB2_HUMAN_Elazar_2016,-1,0.4219513367268739
ERBB2_HUMAN_Elazar_2016,0,0.3274869691377013
ERBB2_HUMAN_Elazar_2016,1,0.23621122834090838
ERBB2_HUMAN_Elazar_2016,2,0.2616899358317678
ERBB2_HUMAN_Elazar_2016,3,0.24615325999944287
ERBB2_HUMAN_Elazar_2016,4,0.22450499175439353
ESTA_BACSU_Nutschel_2020,-1,0.29956162671785025
ESTA_BACSU_Nutschel_2020,0,0.31107495835394194
ESTA_BACSU_Nutschel_2020,1,0.3040375996439123
ESTA_BACSU_Nutschel_2020,2,0.3305190003597937
ESTA_BACSU_Nutschel_2020,3,0.355891376703121
ESTA_BACSU_Nutschel_2020,4,0.36594547995747095
F7YBW7_MESOW_Ding_2023,-1,0.4457617152303191
F7YBW7_MESOW_Ding_2023,0,0.4476236698359752
F7YBW7_MESOW_Ding_2023,1,0.4457526115550031
F7YBW7_MESOW_Ding_2023,2,0.4312260588711967
F7YBW7_MESOW_Ding_2023,3,0.4330821984329408
F7YBW7_MESOW_Ding_2023,4,0.4467828485934231
F7YBW8_MESOW_Aakre_2015,-1,0.3825459069432418
F7YBW8_MESOW_Aakre_2015,0,0.43679480402184
F7YBW8_MESOW_Aakre_2015,1,0.4542238106986438
F7YBW8_MESOW_Aakre_2015,2,0.4461483338552264
F7YBW8_MESOW_Aakre_2015,3,0.45237578338658335
F7YBW8_MESOW_Aakre_2015,4,0.4461867640732338
FECA_ECOLI_Tsuboyama_2023_2D1U,-1,0.5236701630572127
FECA_ECOLI_Tsuboyama_2023_2D1U,0,0.4574001509254113
FECA_ECOLI_Tsuboyama_2023_2D1U,1,0.2595322349742127
FECA_ECOLI_Tsuboyama_2023_2D1U,2,0.22999606313792018
FECA_ECOLI_Tsuboyama_2023_2D1U,3,0.2232266693364885
FECA_ECOLI_Tsuboyama_2023_2D1U,4,0.22306271625924873
FKBP3_HUMAN_Tsuboyama_2023_2KFV,-1,0.18775860917999507
FKBP3_HUMAN_Tsuboyama_2023_2KFV,0,0.22043010186882142
FKBP3_HUMAN_Tsuboyama_2023_2KFV,1,0.3939365562269201
FKBP3_HUMAN_Tsuboyama_2023_2KFV,2,0.37210525706505715
FKBP3_HUMAN_Tsuboyama_2023_2KFV,3,0.33817281863538845
FKBP3_HUMAN_Tsuboyama_2023_2KFV,4,0.28071119339041556
GAL4_YEAST_Kitzman_2015,-1,0.6675076675866277
GAL4_YEAST_Kitzman_2015,0,0.6607495521851814
GAL4_YEAST_Kitzman_2015,1,0.654877804592839
GAL4_YEAST_Kitzman_2015,2,0.6519221105182904
GAL4_YEAST_Kitzman_2015,3,0.651543206362554
GAL4_YEAST_Kitzman_2015,4,0.6541396459561966
GCN4_YEAST_Staller_2018,-1,0.28099969981000866
GCN4_YEAST_Staller_2018,0,0.28707921202011444
GCN4_YEAST_Staller_2018,1,0.28710253618825093
GCN4_YEAST_Staller_2018,2,0.28559703048917606
GCN4_YEAST_Staller_2018,3,0.2838740953285453
GCN4_YEAST_Staller_2018,4,0.2843148477189492
GDIA_HUMAN_Silverstein_2021,-1,0.39695528214955494
GDIA_HUMAN_Silverstein_2021,0,0.34896970303557295
GDIA_HUMAN_Silverstein_2021,1,0.3458721564068856
GDIA_HUMAN_Silverstein_2021,2,0.3361710134273407
GDIA_HUMAN_Silverstein_2021,3,0.33719118593222985
GDIA_HUMAN_Silverstein_2021,4,0.32267096521548516
GFP_AEQVI_Sarkisyan_2016,-1,0.10794965417680599
GFP_AEQVI_Sarkisyan_2016,0,0.13814734684546576
GFP_AEQVI_Sarkisyan_2016,1,0.2038074909096295
GFP_AEQVI_Sarkisyan_2016,2,0.31947620813882666
GFP_AEQVI_Sarkisyan_2016,3,0.4400907210173435
GFP_AEQVI_Sarkisyan_2016,4,0.5530933714238331
GLPA_HUMAN_Elazar_2016,-1,0.4251450440232071
GLPA_HUMAN_Elazar_2016,0,0.42548776407804234
GLPA_HUMAN_Elazar_2016,1,0.42598144415703115
GLPA_HUMAN_Elazar_2016,2,0.41542566646810675
GLPA_HUMAN_Elazar_2016,3,0.39724355155896834
GLPA_HUMAN_Elazar_2016,4,0.37337717974034884
GRB2_HUMAN_Faure_2021,-1,0.6474608932526762
GRB2_HUMAN_Faure_2021,0,0.6321394217360271
GRB2_HUMAN_Faure_2021,1,0.5927872286463045
GRB2_HUMAN_Faure_2021,2,0.5524234142594412
GRB2_HUMAN_Faure_2021,3,0.5252218127846587
GRB2_HUMAN_Faure_2021,4,0.5089880853528045
HCP_LAMBD_Tsuboyama_2023_2L6Q,-1,0.685992853742824
HCP_LAMBD_Tsuboyama_2023_2L6Q,0,0.6584292827990355
HCP_LAMBD_Tsuboyama_2023_2L6Q,1,0.594075630332783
HCP_LAMBD_Tsuboyama_2023_2L6Q,2,0.5490180030463445
HCP_LAMBD_Tsuboyama_2023_2L6Q,3,0.5422190095049445
HCP_LAMBD_Tsuboyama_2023_2L6Q,4,0.5290274786780094
HECD1_HUMAN_Tsuboyama_2023_3DKM,-1,0.38669571154752275
HECD1_HUMAN_Tsuboyama_2023_3DKM,0,0.3778926269987338
HECD1_HUMAN_Tsuboyama_2023_3DKM,1,0.3671255790866277
HECD1_HUMAN_Tsuboyama_2023_3DKM,2,0.3631897280310897
HECD1_HUMAN_Tsuboyama_2023_3DKM,3,0.36381011309819805
HECD1_HUMAN_Tsuboyama_2023_3DKM,4,0.36303707301862626
HEM3_HUMAN_Loggerenberg_2023,-1,0.3932533146433619
HEM3_HUMAN_Loggerenberg_2023,0,0.3818112908564674
HEM3_HUMAN_Loggerenberg_2023,1,0.37628147108645355
HEM3_HUMAN_Loggerenberg_2023,2,0.37792690798545275
HEM3_HUMAN_Loggerenberg_2023,3,0.3696889945795453
HEM3_HUMAN_Loggerenberg_2023,4,0.37198274839362283
HIS7_YEAST_Pokusaeva_2019,-1,0.41158817298406813
HIS7_YEAST_Pokusaeva_2019,0,0.4020177688843854
HIS7_YEAST_Pokusaeva_2019,1,0.4391204570452836
HIS7_YEAST_Pokusaeva_2019,2,0.4331754569003611
HIS7_YEAST_Pokusaeva_2019,3,0.4412645338684369
HIS7_YEAST_Pokusaeva_2019,4,0.4529958029892762
HMDH_HUMAN_Jiang_2019,-1,0.5089578627019199
HMDH_HUMAN_Jiang_2019,0,0.4677073363174502
HMDH_HUMAN_Jiang_2019,1,0.391543277220842
HMDH_HUMAN_Jiang_2019,2,0.3370358356905073
HMDH_HUMAN_Jiang_2019,3,0.3040113820895508
HMDH_HUMAN_Jiang_2019,4,0.28071919240326265
HSP82_YEAST_Cote-Hammarlof_2020_growth-H2O2,-1,0.25653890499014836
HSP82_YEAST_Cote-Hammarlof_2020_growth-H2O2,0,0.29514031534071916
HSP82_YEAST_Cote-Hammarlof_2020_growth-H2O2,1,0.3104768925517948
HSP82_YEAST_Cote-Hammarlof_2020_growth-H2O2,2,0.3256447727229498
HSP82_YEAST_Cote-Hammarlof_2020_growth-H2O2,3,0.3266771299957208
HSP82_YEAST_Cote-Hammarlof_2020_growth-H2O2,4,0.33119652735189115
HSP82_YEAST_Flynn_2019,-1,0.28323254092304334
HSP82_YEAST_Flynn_2019,0,0.33254889417275646
HSP82_YEAST_Flynn_2019,1,0.36071666699646865
HSP82_YEAST_Flynn_2019,2,0.35641759447086846
HSP82_YEAST_Flynn_2019,3,0.35909165632950135
HSP82_YEAST_Flynn_2019,4,0.35750342636029797
HSP82_YEAST_Mishra_2016,-1,0.46117218291190537
HSP82_YEAST_Mishra_2016,0,0.5172005676808675
HSP82_YEAST_Mishra_2016,1,0.5275594803811711
HSP82_YEAST_Mishra_2016,2,0.5158128941511436
HSP82_YEAST_Mishra_2016,3,0.5128658291591321
HSP82_YEAST_Mishra_2016,4,0.5112964797604713
HXK4_HUMAN_Gersing_2022_activity,-1,0.5166139925870596
HXK4_HUMAN_Gersing_2022_activity,0,0.5266453358632497
HXK4_HUMAN_Gersing_2022_activity,1,0.4489897557673535
HXK4_HUMAN_Gersing_2022_activity,2,0.41695479785488837
HXK4_HUMAN_Gersing_2022_activity,3,0.3959676515785269
HXK4_HUMAN_Gersing_2022_activity,4,0.3911766586815076
HXK4_HUMAN_Gersing_2023_abundance,-1,0.36740612710610604
HXK4_HUMAN_Gersing_2023_abundance,0,0.34583261274677046
HXK4_HUMAN_Gersing_2023_abundance,1,0.3325729843402319
HXK4_HUMAN_Gersing_2023_abundance,2,0.3216311657436408
HXK4_HUMAN_Gersing_2023_abundance,3,0.3153649362323883
HXK4_HUMAN_Gersing_2023_abundance,4,0.31203893641940317
I6TAH8_I68A0_Doud_2015,-1,0.020444889005733706
I6TAH8_I68A0_Doud_2015,0,0.02764770191473018
I6TAH8_I68A0_Doud_2015,1,0.0399499314483923
I6TAH8_I68A0_Doud_2015,2,0.08763680356630295
I6TAH8_I68A0_Doud_2015,3,0.16929814774370996
I6TAH8_I68A0_Doud_2015,4,0.22691445997644885
IF1_ECOLI_Kelsic_2016,-1,0.5984980819831852
IF1_ECOLI_Kelsic_2016,0,0.5543562248732453
IF1_ECOLI_Kelsic_2016,1,0.48853420848451334
IF1_ECOLI_Kelsic_2016,2,0.5039366358945804
IF1_ECOLI_Kelsic_2016,3,0.4869469193100322
IF1_ECOLI_Kelsic_2016,4,0.4936930783756265
ILF3_HUMAN_Tsuboyama_2023_2L33,-1,0.3182442886159618
ILF3_HUMAN_Tsuboyama_2023_2L33,0,0.21899550373117924
ILF3_HUMAN_Tsuboyama_2023_2L33,1,0.19837171876347082
ILF3_HUMAN_Tsuboyama_2023_2L33,2,0.18168888536807037
ILF3_HUMAN_Tsuboyama_2023_2L33,3,0.1740536476768085
ILF3_HUMAN_Tsuboyama_2023_2L33,4,0.1720099369780203
ISDH_STAAW_Tsuboyama_2023_2LHR,-1,0.4293011285427983
ISDH_STAAW_Tsuboyama_2023_2LHR,0,0.43657132363247214
ISDH_STAAW_Tsuboyama_2023_2LHR,1,0.3951761039706209
ISDH_STAAW_Tsuboyama_2023_2LHR,2,0.33730149690229
ISDH_STAAW_Tsuboyama_2023_2LHR,3,0.2919958504009335
ISDH_STAAW_Tsuboyama_2023_2LHR,4,0.28300255266135027
KCNE1_HUMAN_Muhammad_2023_expression,-1,0.10599875054376996
KCNE1_HUMAN_Muhammad_2023_expression,0,0.10755315853443458
KCNE1_HUMAN_Muhammad_2023_expression,1,0.09941327219682977
KCNE1_HUMAN_Muhammad_2023_expression,2,0.09471550023937461
KCNE1_HUMAN_Muhammad_2023_expression,3,0.09497491404019005
KCNE1_HUMAN_Muhammad_2023_expression,4,0.0870030855903505
KCNE1_HUMAN_Muhammad_2023_function,-1,0.5246964203914788
KCNE1_HUMAN_Muhammad_2023_function,0,0.5255728016508009
KCNE1_HUMAN_Muhammad_2023_function,1,0.5201755841032554
KCNE1_HUMAN_Muhammad_2023_function,2,0.5191652362268276
KCNE1_HUMAN_Muhammad_2023_function,3,0.522277821306774
KCNE1_HUMAN_Muhammad_2023_function,4,0.5215472840601738
KCNH2_HUMAN_Kozek_2020,-1,0.5116897922448062
KCNH2_HUMAN_Kozek_2020,0,0.3758150363065727
KCNH2_HUMAN_Kozek_2020,1,0.2652546313657842
KCNH2_HUMAN_Kozek_2020,2,0.20747018675466888
KCNH2_HUMAN_Kozek_2020,3,0.17941648541213534
KCNH2_HUMAN_Kozek_2020,4,0.1469841746043651
KCNJ2_MOUSE_Coyote-Maestas_2022_function,-1,0.3819754868156733
KCNJ2_MOUSE_Coyote-Maestas_2022_function,0,0.38569810892085776
KCNJ2_MOUSE_Coyote-Maestas_2022_function,1,0.3652987662340767
KCNJ2_MOUSE_Coyote-Maestas_2022_function,2,0.32484402695992787
KCNJ2_MOUSE_Coyote-Maestas_2022_function,3,0.28474287924782304
KCNJ2_MOUSE_Coyote-Maestas_2022_function,4,0.25569559108749956
KCNJ2_MOUSE_Coyote-Maestas_2022_surface,-1,0.35155329665822643
KCNJ2_MOUSE_Coyote-Maestas_2022_surface,0,0.3341110782918189
KCNJ2_MOUSE_Coyote-Maestas_2022_surface,1,0.3011775253718548
KCNJ2_MOUSE_Coyote-Maestas_2022_surface,2,0.29178068914624067
KCNJ2_MOUSE_Coyote-Maestas_2022_surface,3,0.2785301182672565
KCNJ2_MOUSE_Coyote-Maestas_2022_surface,4,0.2697082530822436
KKA2_KLEPN_Melnikov_2014,-1,0.6013987739469556
KKA2_KLEPN_Melnikov_2014,0,0.6270027446881498
KKA2_KLEPN_Melnikov_2014,1,0.6615534198823073
KKA2_KLEPN_Melnikov_2014,2,0.6759945873687141
KKA2_KLEPN_Melnikov_2014,3,0.686035745936809
KKA2_KLEPN_Melnikov_2014,4,0.6872497532770035
LGK_LIPST_Klesmith_2015,-1,0.5151076761700462
LGK_LIPST_Klesmith_2015,0,0.5459780375491889
LGK_LIPST_Klesmith_2015,1,0.5660901579576396
LGK_LIPST_Klesmith_2015,2,0.5751235439266581
LGK_LIPST_Klesmith_2015,3,0.582126750084961
LGK_LIPST_Klesmith_2015,4,0.5864030201172612
LYAM1_HUMAN_Elazar_2016,-1,0.30984736140163877
LYAM1_HUMAN_Elazar_2016,0,0.32485166773338925
LYAM1_HUMAN_Elazar_2016,1,0.3827140089319352
LYAM1_HUMAN_Elazar_2016,2,0.39897400179048553
LYAM1_HUMAN_Elazar_2016,3,0.4152071509940687
LYAM1_HUMAN_Elazar_2016,4,0.40126064028341796
MAFG_MOUSE_Tsuboyama_2023_1K1V,-1,0.48008780829346426
MAFG_MOUSE_Tsuboyama_2023_1K1V,0,0.5156622079604009
MAFG_MOUSE_Tsuboyama_2023_1K1V,1,0.6243981803402212
MAFG_MOUSE_Tsuboyama_2023_1K1V,2,0.5740418974410946
MAFG_MOUSE_Tsuboyama_2023_1K1V,3,0.5800598966546769
MAFG_MOUSE_Tsuboyama_2023_1K1V,4,0.5844832261803187
MBD11_ARATH_Tsuboyama_2023_6ACV,-1,0.6981468995515505
MBD11_ARATH_Tsuboyama_2023_6ACV,0,0.7414310993418649
MBD11_ARATH_Tsuboyama_2023_6ACV,1,0.7628885821937662
MBD11_ARATH_Tsuboyama_2023_6ACV,2,0.7368648510638804
MBD11_ARATH_Tsuboyama_2023_6ACV,3,0.7369166934894019
MBD11_ARATH_Tsuboyama_2023_6ACV,4,0.7377761972288273
MET_HUMAN_Estevam_2023,-1,0.589924904041863
MET_HUMAN_Estevam_2023,0,0.6103266604992053
MET_HUMAN_Estevam_2023,1,0.5973407146244901
MET_HUMAN_Estevam_2023,2,0.4969522701945163
MET_HUMAN_Estevam_2023,3,0.4431474349693925
MET_HUMAN_Estevam_2023,4,0.3999596909140635
MK01_HUMAN_Brenan_2016,-1,0.17820076613668137
MK01_HUMAN_Brenan_2016,0,0.16108235567573082
MK01_HUMAN_Brenan_2016,1,0.09097550596047235
MK01_HUMAN_Brenan_2016,2,0.03924004613473349
MK01_HUMAN_Brenan_2016,3,0.021743771284493372
MK01_HUMAN_Brenan_2016,4,0.011222805484020533
MLAC_ECOLI_MacRae_2023,-1,0.3819280883882002
MLAC_ECOLI_MacRae_2023,0,0.402298037229357
MLAC_ECOLI_MacRae_2023,1,0.3915805569577238
MLAC_ECOLI_MacRae_2023,2,0.3657296915639906
MLAC_ECOLI_MacRae_2023,3,0.32556532566805857
MLAC_ECOLI_MacRae_2023,4,0.31060620134918393
MSH2_HUMAN_Jia_2020,-1,0.33947583954552146
MSH2_HUMAN_Jia_2020,0,0.30847185009003575
MSH2_HUMAN_Jia_2020,1,0.2929466453984168
MSH2_HUMAN_Jia_2020,2,0.2871817082520669
MSH2_HUMAN_Jia_2020,3,0.27944238610386457
MSH2_HUMAN_Jia_2020,4,0.2716320018930299
MTH3_HAEAE_RockahShmuel_2015,-1,0.5270885637543956
MTH3_HAEAE_RockahShmuel_2015,0,0.593854380042029
MTH3_HAEAE_RockahShmuel_2015,1,0.6483230285270295
MTH3_HAEAE_RockahShmuel_2015,2,0.6760701581530364
MTH3_HAEAE_RockahShmuel_2015,3,0.6908064318650812
MTH3_HAEAE_RockahShmuel_2015,4,0.6968632563135345
MTHR_HUMAN_Weile_2021,-1,0.34746676374513824
MTHR_HUMAN_Weile_2021,0,0.3037608714122876
MTHR_HUMAN_Weile_2021,1,0.29361209863694115
MTHR_HUMAN_Weile_2021,2,0.2954930387625484
MTHR_HUMAN_Weile_2021,3,0.29217073425205486
MTHR_HUMAN_Weile_2021,4,0.29035577810074287
MYO3_YEAST_Tsuboyama_2023_2BTT,-1,0.5884867739285755
MYO3_YEAST_Tsuboyama_2023_2BTT,0,0.5951426139812295
MYO3_YEAST_Tsuboyama_2023_2BTT,1,0.6013871113338656
MYO3_YEAST_Tsuboyama_2023_2BTT,2,0.5789173561750725
MYO3_YEAST_Tsuboyama_2023_2BTT,3,0.5315899956537986
MYO3_YEAST_Tsuboyama_2023_2BTT,4,0.5289190240975482
NCAP_I34A1_Doud_2015,-1,0.02777108180631248
NCAP_I34A1_Doud_2015,0,0.036442638712043895
NCAP_I34A1_Doud_2015,1,0.05318410819187268
NCAP_I34A1_Doud_2015,2,0.12232111246381336
NCAP_I34A1_Doud_2015,3,0.20174502029529096
NCAP_I34A1_Doud_2015,4,0.25771515033654624
NKX31_HUMAN_Tsuboyama_2023_2L9R,-1,0.6509845605727814
NKX31_HUMAN_Tsuboyama_2023_2L9R,0,0.6101588848909686
NKX31_HUMAN_Tsuboyama_2023_2L9R,1,0.55768030018627
NKX31_HUMAN_Tsuboyama_2023_2L9R,2,0.5504395532454658
NKX31_HUMAN_Tsuboyama_2023_2L9R,3,0.5572320927891309
NKX31_HUMAN_Tsuboyama_2023_2L9R,4,0.558363108283091
NPC1_HUMAN_Erwood_2022_HEK293T,-1,0.6946678194006013
NPC1_HUMAN_Erwood_2022_HEK293T,0,0.6910454542204705
NPC1_HUMAN_Erwood_2022_HEK293T,1,0.7025218020198967
NPC1_HUMAN_Erwood_2022_HEK293T,2,0.6880685001416585
NPC1_HUMAN_Erwood_2022_HEK293T,3,0.6816197405348131
NPC1_HUMAN_Erwood_2022_HEK293T,4,0.6761345820273229
NPC1_HUMAN_Erwood_2022_RPE1,-1,0.6620103686635945
NPC1_HUMAN_Erwood_2022_RPE1,0,0.5623559907834101
NPC1_HUMAN_Erwood_2022_RPE1,1,0.5925019201228878
NPC1_HUMAN_Erwood_2022_RPE1,2,0.5745007680491552
NPC1_HUMAN_Erwood_2022_RPE1,3,0.5558755760368664
NPC1_HUMAN_Erwood_2022_RPE1,4,0.5494911674347158
NRAM_I33A0_Jiang_2016,-1,0.1611071546875457
NRAM_I33A0_Jiang_2016,0,0.16123820413286416
NRAM_I33A0_Jiang_2016,1,0.14854590664336795
NRAM_I33A0_Jiang_2016,2,0.169703816917123
NRAM_I33A0_Jiang_2016,3,0.24266661587933835
NRAM_I33A0_Jiang_2016,4,0.37280370312176553
NUD15_HUMAN_Suiter_2020,-1,0.5255170892316469
NUD15_HUMAN_Suiter_2020,0,0.5574558077373285
NUD15_HUMAN_Suiter_2020,1,0.5969756820096108
NUD15_HUMAN_Suiter_2020,2,0.6309192084170369
NUD15_HUMAN_Suiter_2020,3,0.6357358215293083
NUD15_HUMAN_Suiter_2020,4,0.6182548768777129
NUSA_ECOLI_Tsuboyama_2023_1WCL,-1,0.49453366225576545
NUSA_ECOLI_Tsuboyama_2023_1WCL,0,0.5682105873409353
NUSA_ECOLI_Tsuboyama_2023_1WCL,1,0.6834624140474067
NUSA_ECOLI_Tsuboyama_2023_1WCL,2,0.6523923685260199
NUSA_ECOLI_Tsuboyama_2023_1WCL,3,0.614437231431855
NUSA_ECOLI_Tsuboyama_2023_1WCL,4,0.6054678267536436
NUSG_MYCTU_Tsuboyama_2023_2MI6,-1,0.5185078747998028
NUSG_MYCTU_Tsuboyama_2023_2MI6,0,0.41837417291320744
NUSG_MYCTU_Tsuboyama_2023_2MI6,1,0.32709330619129257
NUSG_MYCTU_Tsuboyama_2023_2MI6,2,0.29700315587409903
NUSG_MYCTU_Tsuboyama_2023_2MI6,3,0.3009927975223132
NUSG_MYCTU_Tsuboyama_2023_2MI6,4,0.30280347032683624
OBSCN_HUMAN_Tsuboyama_2023_1V1C,-1,0.7970689835601056
OBSCN_HUMAN_Tsuboyama_2023_1V1C,0,0.7578485985810468
OBSCN_HUMAN_Tsuboyama_2023_1V1C,1,0.6973151837628114
OBSCN_HUMAN_Tsuboyama_2023_1V1C,2,0.6877022199197715
OBSCN_HUMAN_Tsuboyama_2023_1V1C,3,0.6823593907952293
OBSCN_HUMAN_Tsuboyama_2023_1V1C,4,0.678892851124304
ODP2_GEOSE_Tsuboyama_2023_1W4G,-1,0.2214220798455861
ODP2_GEOSE_Tsuboyama_2023_1W4G,0,0.21135429397693628
ODP2_GEOSE_Tsuboyama_2023_1W4G,1,0.10465217221985539
ODP2_GEOSE_Tsuboyama_2023_1W4G,2,0.05969235101436461
ODP2_GEOSE_Tsuboyama_2023_1W4G,3,0.01408289426241555
ODP2_GEOSE_Tsuboyama_2023_1W4G,4,-0.019664939685469177
OPSD_HUMAN_Wan_2019,-1,0.551235540832955
OPSD_HUMAN_Wan_2019,0,0.5558143883738949
OPSD_HUMAN_Wan_2019,1,0.5568268639970081
OPSD_HUMAN_Wan_2019,2,0.5497128202388267
OPSD_HUMAN_Wan_2019,3,0.5410894130847114
OPSD_HUMAN_Wan_2019,4,0.543816952955948
OTC_HUMAN_Lo_2023,-1,0.5309504415118208
OTC_HUMAN_Lo_2023,0,0.494732541109184
OTC_HUMAN_Lo_2023,1,0.4957563110851427
OTC_HUMAN_Lo_2023,2,0.5200999835972226
OTC_HUMAN_Lo_2023,3,0.5284740541418794
OTC_HUMAN_Lo_2023,4,0.5326646092876454
OTU7A_HUMAN_Tsuboyama_2023_2L2D,-1,0.31958446417934433
OTU7A_HUMAN_Tsuboyama_2023_2L2D,0,0.20730552690198883
OTU7A_HUMAN_Tsuboyama_2023_2L2D,1,0.10700281713640028
OTU7A_HUMAN_Tsuboyama_2023_2L2D,2,0.10130400936952101
OTU7A_HUMAN_Tsuboyama_2023_2L2D,3,0.11064063022120449
OTU7A_HUMAN_Tsuboyama_2023_2L2D,4,0.10294826845233714
OXDA_RHOTO_Vanella_2023_activity,-1,0.3701903259588396
OXDA_RHOTO_Vanella_2023_activity,0,0.37218981000528784
OXDA_RHOTO_Vanella_2023_activity,1,0.3728844999977468
OXDA_RHOTO_Vanella_2023_activity,2,0.3731610427947356
OXDA_RHOTO_Vanella_2023_activity,3,0.37417965534819647
OXDA_RHOTO_Vanella_2023_activity,4,0.37628459409532516
OXDA_RHOTO_Vanella_2023_expression,-1,0.3150379906185238
OXDA_RHOTO_Vanella_2023_expression,0,0.31514372965266985
OXDA_RHOTO_Vanella_2023_expression,1,0.31262587248628304
OXDA_RHOTO_Vanella_2023_expression,2,0.30972267389080643
OXDA_RHOTO_Vanella_2023_expression,3,0.3087330206133115
OXDA_RHOTO_Vanella_2023_expression,4,0.3083520564455753
P53_HUMAN_Giacomelli_2018_Null_Etoposide,-1,0.43227013029138595
P53_HUMAN_Giacomelli_2018_Null_Etoposide,0,0.4662768265523768
P53_HUMAN_Giacomelli_2018_Null_Etoposide,1,0.49058883060133346
P53_HUMAN_Giacomelli_2018_Null_Etoposide,2,0.49145000643703973
P53_HUMAN_Giacomelli_2018_Null_Etoposide,3,0.4740934845699493
P53_HUMAN_Giacomelli_2018_Null_Etoposide,4,0.45018816375551474
P53_HUMAN_Giacomelli_2018_Null_Nutlin,-1,0.404195088022348
P53_HUMAN_Giacomelli_2018_Null_Nutlin,0,0.4391983350565075
P53_HUMAN_Giacomelli_2018_Null_Nutlin,1,0.46821530537901734
P53_HUMAN_Giacomelli_2018_Null_Nutlin,2,0.47810418367362817
P53_HUMAN_Giacomelli_2018_Null_Nutlin,3,0.463873983664172
P53_HUMAN_Giacomelli_2018_Null_Nutlin,4,0.4426651785374979
P53_HUMAN_Giacomelli_2018_WT_Nutlin,-1,0.400106704335381
P53_HUMAN_Giacomelli_2018_WT_Nutlin,0,0.45536677429930156
P53_HUMAN_Giacomelli_2018_WT_Nutlin,1,0.5158563989059826
P53_HUMAN_Giacomelli_2018_WT_Nutlin,2,0.520332686073556
P53_HUMAN_Giacomelli_2018_WT_Nutlin,3,0.493483336621898
P53_HUMAN_Giacomelli_2018_WT_Nutlin,4,0.45623305914038753
P53_HUMAN_Kotler_2018,-1,0.67805250046649
P53_HUMAN_Kotler_2018,0,0.700696483227598
P53_HUMAN_Kotler_2018,1,0.6938866367561232
P53_HUMAN_Kotler_2018,2,0.6575866576008416
P53_HUMAN_Kotler_2018,3,0.6172042474398836
P53_HUMAN_Kotler_2018,4,0.6015828735869432
P84126_THETH_Chan_2017,-1,0.6045955770330554
P84126_THETH_Chan_2017,0,0.6113950063967034
P84126_THETH_Chan_2017,1,0.6221257408897591
P84126_THETH_Chan_2017,2,0.6296257922812866
P84126_THETH_Chan_2017,3,0.6358774994644049
P84126_THETH_Chan_2017,4,0.6393484351610715
PABP_YEAST_Melamed_2013,-1,0.7159051893003725
PABP_YEAST_Melamed_2013,0,0.7290232800296932
PABP_YEAST_Melamed_2013,1,0.7240370713107446
PABP_YEAST_Melamed_2013,2,0.7245687441787264
PABP_YEAST_Melamed_2013,3,0.7252154874117664
PABP_YEAST_Melamed_2013,4,0.7247576924144535
PAI1_HUMAN_Huttinger_2021,-1,0.4479690541077067
PAI1_HUMAN_Huttinger_2021,0,0.430847363365848
PAI1_HUMAN_Huttinger_2021,1,0.3991935004613899
PAI1_HUMAN_Huttinger_2021,2,0.3871858269281351
PAI1_HUMAN_Huttinger_2021,3,0.37113438929290854
PAI1_HUMAN_Huttinger_2021,4,0.3599542557260648
PA_I34A1_Wu_2015,-1,0.03853455299130999
PA_I34A1_Wu_2015,0,0.04815290763439478
PA_I34A1_Wu_2015,1,0.10534918557768741
PA_I34A1_Wu_2015,2,0.23374522631577166
PA_I34A1_Wu_2015,3,0.339491933737195
PA_I34A1_Wu_2015,4,0.37364610742048004
PHOT_CHLRE_Chen_2023,-1,0.7490672571725119
PHOT_CHLRE_Chen_2023,0,0.7153255091254573
PHOT_CHLRE_Chen_2023,1,0.692441020179582
PHOT_CHLRE_Chen_2023,2,0.6585938098910242
PHOT_CHLRE_Chen_2023,3,0.6254684880107577
PHOT_CHLRE_Chen_2023,4,0.5929307038174848
PIN1_HUMAN_Tsuboyama_2023_1I6C,-1,0.669791244995147
PIN1_HUMAN_Tsuboyama_2023_1I6C,0,0.6788856306861356
PIN1_HUMAN_Tsuboyama_2023_1I6C,1,0.6003906307384184
PIN1_HUMAN_Tsuboyama_2023_1I6C,2,0.5620090123849196
PIN1_HUMAN_Tsuboyama_2023_1I6C,3,0.532357091469162
PIN1_HUMAN_Tsuboyama_2023_1I6C,4,0.4860617356939274
PITX2_HUMAN_Tsuboyama_2023_2L7M,-1,0.6259200767569403
PITX2_HUMAN_Tsuboyama_2023_2L7M,0,0.5331210329756643
PITX2_HUMAN_Tsuboyama_2023_2L7M,1,0.46600533280390244
PITX2_HUMAN_Tsuboyama_2023_2L7M,2,0.4720221803353055
PITX2_HUMAN_Tsuboyama_2023_2L7M,3,0.4534597119004502
PITX2_HUMAN_Tsuboyama_2023_2L7M,4,0.4447969730334268
PKN1_HUMAN_Tsuboyama_2023_1URF,-1,0.29775156772454037
PKN1_HUMAN_Tsuboyama_2023_1URF,0,0.21011211891923995
PKN1_HUMAN_Tsuboyama_2023_1URF,1,0.18925314451485384
PKN1_HUMAN_Tsuboyama_2023_1URF,2,0.193170885083001
PKN1_HUMAN_Tsuboyama_2023_1URF,3,0.18027751128641262
PKN1_HUMAN_Tsuboyama_2023_1URF,4,0.18930814321737113
POLG_CXB3N_Mattenberger_2021,-1,0.3938276379909813
POLG_CXB3N_Mattenberger_2021,0,0.42316405846711325
POLG_CXB3N_Mattenberger_2021,1,0.435460680710161
POLG_CXB3N_Mattenberger_2021,2,0.4416998617185333
POLG_CXB3N_Mattenberger_2021,3,0.4487516059061938
POLG_CXB3N_Mattenberger_2021,4,0.4512210943027229
POLG_DEN26_Suphatrakul_2023,-1,0.15326385334760345
POLG_DEN26_Suphatrakul_2023,0,0.4026679162395266
POLG_DEN26_Suphatrakul_2023,1,0.4013421667219166
POLG_DEN26_Suphatrakul_2023,2,0.30948851742965766
POLG_DEN26_Suphatrakul_2023,3,0.2420050193328183
POLG_DEN26_Suphatrakul_2023,4,0.22052446261315622
POLG_HCVJF_Qi_2014,-1,0.1309163617921925
POLG_HCVJF_Qi_2014,0,0.14939550063342774
POLG_HCVJF_Qi_2014,1,0.17387992551707354
POLG_HCVJF_Qi_2014,2,0.1971770200791799
POLG_HCVJF_Qi_2014,3,0.23268770052997473
POLG_HCVJF_Qi_2014,4,0.2695654203149639
POLG_PESV_Tsuboyama_2023_2MXD,-1,0.16132153186408946
POLG_PESV_Tsuboyama_2023_2MXD,0,0.20642738394197155
POLG_PESV_Tsuboyama_2023_2MXD,1,0.30300639020013187
POLG_PESV_Tsuboyama_2023_2MXD,2,0.43751108775612935
POLG_PESV_Tsuboyama_2023_2MXD,3,0.5705774599607144
POLG_PESV_Tsuboyama_2023_2MXD,4,0.6198250806682822
PPARG_HUMAN_Majithia_2016,-1,0.5936486250483639
PPARG_HUMAN_Majithia_2016,0,0.7100603820308454
PPARG_HUMAN_Majithia_2016,1,0.7179539002846455
PPARG_HUMAN_Majithia_2016,2,0.673058267368985
PPARG_HUMAN_Majithia_2016,3,0.59487782916887
PPARG_HUMAN_Majithia_2016,4,0.5277636355051185
PPM1D_HUMAN_Miller_2022,-1,0.6017872823395235
PPM1D_HUMAN_Miller_2022,0,0.5895520031249485
PPM1D_HUMAN_Miller_2022,1,0.5664959781246025
PPM1D_HUMAN_Miller_2022,2,0.5420593674985146
PPM1D_HUMAN_Miller_2022,3,0.5100478616290508
PPM1D_HUMAN_Miller_2022,4,0.48145085304592933
PR40A_HUMAN_Tsuboyama_2023_1UZC,-1,0.8047499547857863
PR40A_HUMAN_Tsuboyama_2023_1UZC,0,0.7511840708832908
PR40A_HUMAN_Tsuboyama_2023_1UZC,1,0.6863550533819436
PR40A_HUMAN_Tsuboyama_2023_1UZC,2,0.6696458018899619
PR40A_HUMAN_Tsuboyama_2023_1UZC,3,0.6683633839283389
PR40A_HUMAN_Tsuboyama_2023_1UZC,4,0.6698171802134658
PRKN_HUMAN_Clausen_2023,-1,0.501206662294156
PRKN_HUMAN_Clausen_2023,0,0.5471486857729018
PRKN_HUMAN_Clausen_2023,1,0.5796761351237477
PRKN_HUMAN_Clausen_2023,2,0.5785293054941397
PRKN_HUMAN_Clausen_2023,3,0.5605004322905842
PRKN_HUMAN_Clausen_2023,4,0.5427626129950093
PSAE_SYNP2_Tsuboyama_2023_1PSE,-1,0.7075214917552515
PSAE_SYNP2_Tsuboyama_2023_1PSE,0,0.6489173659076358
PSAE_SYNP2_Tsuboyama_2023_1PSE,1,0.5618557910545784
PSAE_SYNP2_Tsuboyama_2023_1PSE,2,0.5589604138863177
PSAE_SYNP2_Tsuboyama_2023_1PSE,3,0.5572055523814968
PSAE_SYNP2_Tsuboyama_2023_1PSE,4,0.5564888624134149
PTEN_HUMAN_Matreyek_2021,-1,0.46502227076016917
PTEN_HUMAN_Matreyek_2021,0,0.4321361702042851
PTEN_HUMAN_Matreyek_2021,1,0.389661215528845
PTEN_HUMAN_Matreyek_2021,2,0.362003491052787
PTEN_HUMAN_Matreyek_2021,3,0.33287966315996276
PTEN_HUMAN_Matreyek_2021,4,0.3183013415287227
PTEN_HUMAN_Mighell_2018,-1,0.5185719583629597
PTEN_HUMAN_Mighell_2018,0,0.4664186660718101
PTEN_HUMAN_Mighell_2018,1,0.40932580675378977
PTEN_HUMAN_Mighell_2018,2,0.37540991905925714
PTEN_HUMAN_Mighell_2018,3,0.34894093403728177
PTEN_HUMAN_Mighell_2018,4,0.3312756793206801
Q2N0S5_9HIV1_Haddox_2018,-1,0.04420863992921953
Q2N0S5_9HIV1_Haddox_2018,0,0.2375646844548782
Q2N0S5_9HIV1_Haddox_2018,1,0.3558434659331157
Q2N0S5_9HIV1_Haddox_2018,2,0.32364945065396816
Q2N0S5_9HIV1_Haddox_2018,3,0.2872217367908791
Q2N0S5_9HIV1_Haddox_2018,4,0.2703710238826482
Q53Z42_HUMAN_McShan_2019_binding-TAPBPR,-1,0.32993952258723575
Q53Z42_HUMAN_McShan_2019_binding-TAPBPR,0,0.3281192904264152
Q53Z42_HUMAN_McShan_2019_binding-TAPBPR,1,0.319523288531933
Q53Z42_HUMAN_McShan_2019_binding-TAPBPR,2,0.26847691153953307
Q53Z42_HUMAN_McShan_2019_binding-TAPBPR,3,0.24108285526457005
Q53Z42_HUMAN_McShan_2019_binding-TAPBPR,4,0.2336422330292742
Q53Z42_HUMAN_McShan_2019_expression,-1,0.5539165406440688
Q53Z42_HUMAN_McShan_2019_expression,0,0.552461692050404
Q53Z42_HUMAN_McShan_2019_expression,1,0.5400819401206581
Q53Z42_HUMAN_McShan_2019_expression,2,0.4957376811858575
Q53Z42_HUMAN_McShan_2019_expression,3,0.4694323302892228
Q53Z42_HUMAN_McShan_2019_expression,4,0.4635708795400143
Q59976_STRSQ_Romero_2015,-1,0.5720939578754096
Q59976_STRSQ_Romero_2015,0,0.6285124143748527
Q59976_STRSQ_Romero_2015,1,0.6522194144616466
Q59976_STRSQ_Romero_2015,2,0.64060232090875
Q59976_STRSQ_Romero_2015,3,0.6243926797192499
Q59976_STRSQ_Romero_2015,4,0.6155541481113572
Q6WV13_9MAXI_Somermeyer_2022,-1,0.009384489903591515
Q6WV13_9MAXI_Somermeyer_2022,0,0.0102642950134749
Q6WV13_9MAXI_Somermeyer_2022,1,0.008306492627044004
Q6WV13_9MAXI_Somermeyer_2022,2,-0.011951258563605053
Q6WV13_9MAXI_Somermeyer_2022,3,-0.009244745253146322
Q6WV13_9MAXI_Somermeyer_2022,4,0.035448745679573186
Q837P4_ENTFA_Meier_2023,-1,0.5153075957972307
Q837P4_ENTFA_Meier_2023,0,0.5798768750301013
Q837P4_ENTFA_Meier_2023,1,0.5029253679591484
Q837P4_ENTFA_Meier_2023,2,0.4743830149663872
Q837P4_ENTFA_Meier_2023,3,0.4702029268502034
Q837P4_ENTFA_Meier_2023,4,0.46107910691216547
Q837P5_ENTFA_Meier_2023,-1,0.3734545526333702
Q837P5_ENTFA_Meier_2023,0,0.4462686231154205
Q837P5_ENTFA_Meier_2023,1,0.4437270810529181
Q837P5_ENTFA_Meier_2023,2,0.42068662040951454
Q837P5_ENTFA_Meier_2023,3,0.4067904023283742
Q837P5_ENTFA_Meier_2023,4,0.4161391879398427
Q8WTC7_9CNID_Somermeyer_2022,-1,-0.024923868975428486
Q8WTC7_9CNID_Somermeyer_2022,0,-0.028511910954576992
Q8WTC7_9CNID_Somermeyer_2022,1,-0.019628944912860633
Q8WTC7_9CNID_Somermeyer_2022,2,0.006640033145398599
Q8WTC7_9CNID_Somermeyer_2022,3,0.04701629346108977
Q8WTC7_9CNID_Somermeyer_2022,4,0.09747831926846917
R1AB_SARS2_Flynn_2022,-1,0.10477287404583015
R1AB_SARS2_Flynn_2022,0,0.13677271952423023
R1AB_SARS2_Flynn_2022,1,0.25574081727293113
R1AB_SARS2_Flynn_2022,2,0.3052538279529973
R1AB_SARS2_Flynn_2022,3,0.325442976367761
R1AB_SARS2_Flynn_2022,4,0.2926337417631792
RAD_ANTMA_Tsuboyama_2023_2CJJ,-1,0.49245990521996386
RAD_ANTMA_Tsuboyama_2023_2CJJ,0,0.4491498417685573
RAD_ANTMA_Tsuboyama_2023_2CJJ,1,0.3689573866978267
RAD_ANTMA_Tsuboyama_2023_2CJJ,2,0.40019174698257304
RAD_ANTMA_Tsuboyama_2023_2CJJ,3,0.4183780009981575
RAD_ANTMA_Tsuboyama_2023_2CJJ,4,0.41915944493734997
RAF1_HUMAN_Zinkus-Boltz_2019,-1,0.47315925395826564
RAF1_HUMAN_Zinkus-Boltz_2019,0,0.38536557514631503
RAF1_HUMAN_Zinkus-Boltz_2019,1,0.3489663473967932
RAF1_HUMAN_Zinkus-Boltz_2019,2,0.3596055611133702
RAF1_HUMAN_Zinkus-Boltz_2019,3,0.36179903388185203
RAF1_HUMAN_Zinkus-Boltz_2019,4,0.35957920827505263
RASH_HUMAN_Bandaru_2017,-1,0.4976471981473197
RASH_HUMAN_Bandaru_2017,0,0.4254382326440176
RASH_HUMAN_Bandaru_2017,1,0.33635319555761367
RASH_HUMAN_Bandaru_2017,2,0.31937380809690474
RASH_HUMAN_Bandaru_2017,3,0.31753841223833223
RASH_HUMAN_Bandaru_2017,4,0.3139489668526865
RASK_HUMAN_Weng_2022_abundance,-1,0.27090824802438984
RASK_HUMAN_Weng_2022_abundance,0,0.2445260166066358
RASK_HUMAN_Weng_2022_abundance,1,0.20469949282451527
RASK_HUMAN_Weng_2022_abundance,2,0.2092538797691898
RASK_HUMAN_Weng_2022_abundance,3,0.21340422961056224
RASK_HUMAN_Weng_2022_abundance,4,0.21943868677905104
RASK_HUMAN_Weng_2022_binding-DARPin_K55,-1,0.6525644035513508
RASK_HUMAN_Weng_2022_binding-DARPin_K55,0,0.6069412389592156
RASK_HUMAN_Weng_2022_binding-DARPin_K55,1,0.5112934089713637
RASK_HUMAN_Weng_2022_binding-DARPin_K55,2,0.49418412342612816
RASK_HUMAN_Weng_2022_binding-DARPin_K55,3,0.4898380570483555
RASK_HUMAN_Weng_2022_binding-DARPin_K55,4,0.4845591004592472
RBP1_HUMAN_Tsuboyama_2023_2KWH,-1,0.5522659219843846
RBP1_HUMAN_Tsuboyama_2023_2KWH,0,0.3901589546471841
RBP1_HUMAN_Tsuboyama_2023_2KWH,1,0.3337676291008292
RBP1_HUMAN_Tsuboyama_2023_2KWH,2,0.29224776801547026
RBP1_HUMAN_Tsuboyama_2023_2KWH,3,0.27576498364443286
RBP1_HUMAN_Tsuboyama_2023_2KWH,4,0.2667383730549192
RCD1_ARATH_Tsuboyama_2023_5OAO,-1,0.5047094615755064
RCD1_ARATH_Tsuboyama_2023_5OAO,0,0.47711301665261185
RCD1_ARATH_Tsuboyama_2023_5OAO,1,0.46559575561487115
RCD1_ARATH_Tsuboyama_2023_5OAO,2,0.44954020497667474
RCD1_ARATH_Tsuboyama_2023_5OAO,3,0.4410572098728683
RCD1_ARATH_Tsuboyama_2023_5OAO,4,0.4398173411537896
RCRO_LAMBD_Tsuboyama_2023_1ORC,-1,0.5962196605440393
RCRO_LAMBD_Tsuboyama_2023_1ORC,0,0.6099757942118764
RCRO_LAMBD_Tsuboyama_2023_1ORC,1,0.6038455920429311
RCRO_LAMBD_Tsuboyama_2023_1ORC,2,0.5977137460776724
RCRO_LAMBD_Tsuboyama_2023_1ORC,3,0.6071978527999345
RCRO_LAMBD_Tsuboyama_2023_1ORC,4,0.6133590037916696
RD23A_HUMAN_Tsuboyama_2023_1IFY,-1,0.5122517424907345
RD23A_HUMAN_Tsuboyama_2023_1IFY,0,0.4177098664040346
RD23A_HUMAN_Tsuboyama_2023_1IFY,1,0.308111648663013
RD23A_HUMAN_Tsuboyama_2023_1IFY,2,0.3165874729384727
RD23A_HUMAN_Tsuboyama_2023_1IFY,3,0.3330198275213445
RD23A_HUMAN_Tsuboyama_2023_1IFY,4,0.34435132686967945
RDRP_I33A0_Li_2023,-1,0.3217615492230093
RDRP_I33A0_Li_2023,0,0.32685834507649764
RDRP_I33A0_Li_2023,1,0.32138138090532287
RDRP_I33A0_Li_2023,2,0.3158022493693948
RDRP_I33A0_Li_2023,3,0.31963433991036266
RDRP_I33A0_Li_2023,4,0.32374384437853365
REV_HV1H2_Fernandes_2016,-1,0.24028281572005247
REV_HV1H2_Fernandes_2016,0,0.2193259720697751
REV_HV1H2_Fernandes_2016,1,0.2306717972703442
REV_HV1H2_Fernandes_2016,2,0.24285356044105683
REV_HV1H2_Fernandes_2016,3,0.2447549811085857
REV_HV1H2_Fernandes_2016,4,0.24868862252948884
RFAH_ECOLI_Tsuboyama_2023_2LCL,-1,0.2993905289860466
RFAH_ECOLI_Tsuboyama_2023_2LCL,0,0.28248947205106606
RFAH_ECOLI_Tsuboyama_2023_2LCL,1,0.2559266470485939
RFAH_ECOLI_Tsuboyama_2023_2LCL,2,0.2263174230244562
RFAH_ECOLI_Tsuboyama_2023_2LCL,3,0.21921810062837324
RFAH_ECOLI_Tsuboyama_2023_2LCL,4,0.20772281501994028
RL20_AQUAE_Tsuboyama_2023_1GYZ,-1,0.6988422135772192
RL20_AQUAE_Tsuboyama_2023_1GYZ,0,0.6901677292108933
RL20_AQUAE_Tsuboyama_2023_1GYZ,1,0.6905710687649707
RL20_AQUAE_Tsuboyama_2023_1GYZ,2,0.6933984167405444
RL20_AQUAE_Tsuboyama_2023_1GYZ,3,0.6831342275818008
RL20_AQUAE_Tsuboyama_2023_1GYZ,4,0.697450990525124
RL40A_YEAST_Mavor_2016,-1,0.517630929476534
RL40A_YEAST_Mavor_2016,0,0.4082543150459307
RL40A_YEAST_Mavor_2016,1,0.266706101612283
RL40A_YEAST_Mavor_2016,2,0.27302325737201766
RL40A_YEAST_Mavor_2016,3,0.28003918324778293
RL40A_YEAST_Mavor_2016,4,0.2771322234125347
RL40A_YEAST_Roscoe_2013,-1,0.598304300500839
RL40A_YEAST_Roscoe_2013,0,0.4949187450806882
RL40A_YEAST_Roscoe_2013,1,0.32058593438779803
RL40A_YEAST_Roscoe_2013,2,0.3369740067657525
RL40A_YEAST_Roscoe_2013,3,0.33749462024704663
RL40A_YEAST_Roscoe_2013,4,0.3410784670562452
RL40A_YEAST_Roscoe_2014,-1,0.5300394051054839
RL40A_YEAST_Roscoe_2014,0,0.41892182534149924
RL40A_YEAST_Roscoe_2014,1,0.2472175396647647
RL40A_YEAST_Roscoe_2014,2,0.25002065583762745
RL40A_YEAST_Roscoe_2014,3,0.27323853711337154
RL40A_YEAST_Roscoe_2014,4,0.2828225966197468
RNC_ECOLI_Weeks_2023,-1,0.5961986990036059
RNC_ECOLI_Weeks_2023,0,0.5710502485452239
RNC_ECOLI_Weeks_2023,1,0.501670707251671
RNC_ECOLI_Weeks_2023,2,0.4600674054206269
RNC_ECOLI_Weeks_2023,3,0.4260684073913751
RNC_ECOLI_Weeks_2023,4,0.42759723636276814
RPC1_BP434_Tsuboyama_2023_1R69,-1,0.7084555272377042
RPC1_BP434_Tsuboyama_2023_1R69,0,0.7008283451575802
RPC1_BP434_Tsuboyama_2023_1R69,1,0.6936002815325301
RPC1_BP434_Tsuboyama_2023_1R69,2,0.6895468297626527
RPC1_BP434_Tsuboyama_2023_1R69,3,0.6866794435080504
RPC1_BP434_Tsuboyama_2023_1R69,4,0.6809955966504371
RPC1_LAMBD_Li_2019_high-expression,-1,0.5494029962678304
RPC1_LAMBD_Li_2019_high-expression,0,0.5475838050838051
RPC1_LAMBD_Li_2019_high-expression,1,0.528937728937729
RPC1_LAMBD_Li_2019_high-expression,2,0.5149339549339549
RPC1_LAMBD_Li_2019_high-expression,3,0.5083802308802309
RPC1_LAMBD_Li_2019_high-expression,4,0.5003560328560328
RPC1_LAMBD_Li_2019_low-expression,-1,0.5234193947316165
RPC1_LAMBD_Li_2019_low-expression,0,0.5320779589908686
RPC1_LAMBD_Li_2019_low-expression,1,0.5506271506271506
RPC1_LAMBD_Li_2019_low-expression,2,0.559174475467206
RPC1_LAMBD_Li_2019_low-expression,3,0.5692798867798867
RPC1_LAMBD_Li_2019_low-expression,4,0.5663897213897214
RS15_GEOSE_Tsuboyama_2023_1A32,-1,0.408764432003147
RS15_GEOSE_Tsuboyama_2023_1A32,0,0.27068466695014937
RS15_GEOSE_Tsuboyama_2023_1A32,1,0.15647472328969686
RS15_GEOSE_Tsuboyama_2023_1A32,2,0.1882279855291416
RS15_GEOSE_Tsuboyama_2023_1A32,3,0.19743399411240162
RS15_GEOSE_Tsuboyama_2023_1A32,4,0.20019222629710037
S22A1_HUMAN_Yee_2023_abundance,-1,0.62637867438213
S22A1_HUMAN_Yee_2023_abundance,0,0.6296393137819776
S22A1_HUMAN_Yee_2023_abundance,1,0.6110305880751535
S22A1_HUMAN_Yee_2023_abundance,2,0.5890073500347331
S22A1_HUMAN_Yee_2023_abundance,3,0.5773392340750646
S22A1_HUMAN_Yee_2023_abundance,4,0.5668251954571488
S22A1_HUMAN_Yee_2023_activity,-1,0.5751541704740908
S22A1_HUMAN_Yee_2023_activity,0,0.5804999500138041
S22A1_HUMAN_Yee_2023_activity,1,0.5552842424247786
S22A1_HUMAN_Yee_2023_activity,2,0.5295845657924209
S22A1_HUMAN_Yee_2023_activity,3,0.5170155222242137
S22A1_HUMAN_Yee_2023_activity,4,0.5046661751226807
SAV1_MOUSE_Tsuboyama_2023_2YSB,-1,0.5125612915537003
SAV1_MOUSE_Tsuboyama_2023_2YSB,0,0.4610230787011658
SAV1_MOUSE_Tsuboyama_2023_2YSB,1,0.4372983015634579
SAV1_MOUSE_Tsuboyama_2023_2YSB,2,0.43649792424291184
SAV1_MOUSE_Tsuboyama_2023_2YSB,3,0.42923252739199474
SAV1_MOUSE_Tsuboyama_2023_2YSB,4,0.43228995086259864
SBI_STAAM_Tsuboyama_2023_2JVG,-1,0.5723907520325203
SBI_STAAM_Tsuboyama_2023_2JVG,0,0.5843923276815004
SBI_STAAM_Tsuboyama_2023_2JVG,1,0.5842177693980887
SBI_STAAM_Tsuboyama_2023_2JVG,2,0.5084617587541007
SBI_STAAM_Tsuboyama_2023_2JVG,3,0.407775772001141
SBI_STAAM_Tsuboyama_2023_2JVG,4,0.19392635845102327
SC6A4_HUMAN_Young_2021,-1,0.5426175550448682
SC6A4_HUMAN_Young_2021,0,0.5501946683592588
SC6A4_HUMAN_Young_2021,1,0.5626704914084774
SC6A4_HUMAN_Young_2021,2,0.5612508863692789
SC6A4_HUMAN_Young_2021,3,0.5488218052656
SC6A4_HUMAN_Young_2021,4,0.534591400752646
SCIN_STAAR_Tsuboyama_2023_2QFF,-1,0.34608952299593504
SCIN_STAAR_Tsuboyama_2023_2QFF,0,0.34747117644811654
SCIN_STAAR_Tsuboyama_2023_2QFF,1,0.3509224923049168
SCIN_STAAR_Tsuboyama_2023_2QFF,2,0.3639491932040559
SCIN_STAAR_Tsuboyama_2023_2QFF,3,0.3862096557164095
SCIN_STAAR_Tsuboyama_2023_2QFF,4,0.4092694421935406
SCN5A_HUMAN_Glazer_2019,-1,0.12226529197211224
SCN5A_HUMAN_Glazer_2019,0,0.15798405820507305
SCN5A_HUMAN_Glazer_2019,1,0.19876531412816315
SCN5A_HUMAN_Glazer_2019,2,0.20397621382924414
SCN5A_HUMAN_Glazer_2019,3,0.2199836749025886
SCN5A_HUMAN_Glazer_2019,4,0.22903455017480745
SDA_BACSU_Tsuboyama_2023_1PV0,-1,0.594275563969422
SDA_BACSU_Tsuboyama_2023_1PV0,0,0.5920450217832487
SDA_BACSU_Tsuboyama_2023_1PV0,1,0.5796208453065952
SDA_BACSU_Tsuboyama_2023_1PV0,2,0.5697193002406877
SDA_BACSU_Tsuboyama_2023_1PV0,3,0.568447854455952
SDA_BACSU_Tsuboyama_2023_1PV0,4,0.5617637929923701
SERC_HUMAN_Xie_2023,-1,0.5575645266007445
SERC_HUMAN_Xie_2023,0,0.5562745436749398
SERC_HUMAN_Xie_2023,1,0.5326820941135606
SERC_HUMAN_Xie_2023,2,0.4978209456845502
SERC_HUMAN_Xie_2023,3,0.46839109675065826
SERC_HUMAN_Xie_2023,4,0.4477444179903614
SHOC2_HUMAN_Kwon_2022,-1,0.42544478825833093
SHOC2_HUMAN_Kwon_2022,0,0.400167555225442
SHOC2_HUMAN_Kwon_2022,1,0.3768289240636497
SHOC2_HUMAN_Kwon_2022,2,0.3642667912072258
SHOC2_HUMAN_Kwon_2022,3,0.3468459560219525
SHOC2_HUMAN_Kwon_2022,4,0.32920363205985825
SOX30_HUMAN_Tsuboyama_2023_7JJK,-1,0.3215779735810091
SOX30_HUMAN_Tsuboyama_2023_7JJK,0,0.2557576284165547
SOX30_HUMAN_Tsuboyama_2023_7JJK,1,0.1751945916256876
SOX30_HUMAN_Tsuboyama_2023_7JJK,2,0.1843860466309429
SOX30_HUMAN_Tsuboyama_2023_7JJK,3,0.1646039713151895
SOX30_HUMAN_Tsuboyama_2023_7JJK,4,0.16054083626653243
SPA_STAAU_Tsuboyama_2023_1LP1,-1,0.005573870814593153
SPA_STAAU_Tsuboyama_2023_1LP1,0,0.08627876791783662
SPA_STAAU_Tsuboyama_2023_1LP1,1,0.3752652438043007
SPA_STAAU_Tsuboyama_2023_1LP1,2,0.49938970670706617
SPA_STAAU_Tsuboyama_2023_1LP1,3,0.49092343530310345
SPA_STAAU_Tsuboyama_2023_1LP1,4,0.4879043100112796
SPG1_STRSG_Olson_2014,-1,0.3009038608580869
SPG1_STRSG_Olson_2014,0,0.30115608658470094
SPG1_STRSG_Olson_2014,1,0.30677099535855656
SPG1_STRSG_Olson_2014,2,0.3151641400793907
SPG1_STRSG_Olson_2014,3,0.3236828114594436
SPG1_STRSG_Olson_2014,4,0.3362538756168122
SPG1_STRSG_Wu_2016,-1,0.12825503029540758
SPG1_STRSG_Wu_2016,0,0.13573090273047417
SPG1_STRSG_Wu_2016,1,0.14035118613126488
SPG1_STRSG_Wu_2016,2,0.14271271038609318
SPG1_STRSG_Wu_2016,3,0.14065903648126293
SPG1_STRSG_Wu_2016,4,0.1377435763718881
SPG2_STRSG_Tsuboyama_2023_5UBS,-1,0.4999704962664676
SPG2_STRSG_Tsuboyama_2023_5UBS,0,0.4990200958095545
SPG2_STRSG_Tsuboyama_2023_5UBS,1,0.49830922562059005
SPG2_STRSG_Tsuboyama_2023_5UBS,2,0.5004898931741731
SPG2_STRSG_Tsuboyama_2023_5UBS,3,0.5019014176208112
SPG2_STRSG_Tsuboyama_2023_5UBS,4,0.5051659815785302
SPIKE_SARS2_Starr_2020_binding,-1,-0.017209699761814665
SPIKE_SARS2_Starr_2020_binding,0,0.03358833678862735
SPIKE_SARS2_Starr_2020_binding,1,0.2724765833084681
SPIKE_SARS2_Starr_2020_binding,2,0.3355842733572221
SPIKE_SARS2_Starr_2020_binding,3,0.3275166146793799
SPIKE_SARS2_Starr_2020_binding,4,0.26877615070536887
SPIKE_SARS2_Starr_2020_expression,-1,0.013372490163739335
SPIKE_SARS2_Starr_2020_expression,0,0.0801270226116447
SPIKE_SARS2_Starr_2020_expression,1,0.2991226019409951
SPIKE_SARS2_Starr_2020_expression,2,0.41614299030005797
SPIKE_SARS2_Starr_2020_expression,3,0.4025604654443424
SPIKE_SARS2_Starr_2020_expression,4,0.3315823499678823
SPTN1_CHICK_Tsuboyama_2023_1TUD,-1,0.6366007041053887
SPTN1_CHICK_Tsuboyama_2023_1TUD,0,0.6014179187152827
SPTN1_CHICK_Tsuboyama_2023_1TUD,1,0.5527807713899525
SPTN1_CHICK_Tsuboyama_2023_1TUD,2,0.5426961966425623
SPTN1_CHICK_Tsuboyama_2023_1TUD,3,0.5288040701482848
SPTN1_CHICK_Tsuboyama_2023_1TUD,4,0.5228192138582552
SQSTM_MOUSE_Tsuboyama_2023_2RRU,-1,0.6180420516861173
SQSTM_MOUSE_Tsuboyama_2023_2RRU,0,0.5198205588571392
SQSTM_MOUSE_Tsuboyama_2023_2RRU,1,0.264638596650824
SQSTM_MOUSE_Tsuboyama_2023_2RRU,2,0.2757472840343182
SQSTM_MOUSE_Tsuboyama_2023_2RRU,3,0.3058654074120004
SQSTM_MOUSE_Tsuboyama_2023_2RRU,4,0.31267546635450166
SR43C_ARATH_Tsuboyama_2023_2N88,-1,0.6748400040618523
SR43C_ARATH_Tsuboyama_2023_2N88,0,0.6710321566376497
SR43C_ARATH_Tsuboyama_2023_2N88,1,0.6610557823689325
SR43C_ARATH_Tsuboyama_2023_2N88,2,0.6471125950844083
SR43C_ARATH_Tsuboyama_2023_2N88,3,0.6330914541883967
SR43C_ARATH_Tsuboyama_2023_2N88,4,0.6228815851214231
SRBS1_HUMAN_Tsuboyama_2023_2O2W,-1,0.7338607857672433
SRBS1_HUMAN_Tsuboyama_2023_2O2W,0,0.6737011715006321
SRBS1_HUMAN_Tsuboyama_2023_2O2W,1,0.6029942647891199
SRBS1_HUMAN_Tsuboyama_2023_2O2W,2,0.5955823349395454
SRBS1_HUMAN_Tsuboyama_2023_2O2W,3,0.5955937133658443
SRBS1_HUMAN_Tsuboyama_2023_2O2W,4,0.5961551684738444
SRC_HUMAN_Ahler_2019,-1,0.5551277427532983
SRC_HUMAN_Ahler_2019,0,0.517527175780099
SRC_HUMAN_Ahler_2019,1,0.40964408870163527
SRC_HUMAN_Ahler_2019,2,0.35003767560268023
SRC_HUMAN_Ahler_2019,3,0.31417499129495136
SRC_HUMAN_Ahler_2019,4,0.29845666185363984
SRC_HUMAN_Chakraborty_2023_binding-DAS_25uM,-1,0.4645501581861212
SRC_HUMAN_Chakraborty_2023_binding-DAS_25uM,0,0.45456906170486666
SRC_HUMAN_Chakraborty_2023_binding-DAS_25uM,1,0.34819251687745606
SRC_HUMAN_Chakraborty_2023_binding-DAS_25uM,2,0.29421779275649373
SRC_HUMAN_Chakraborty_2023_binding-DAS_25uM,3,0.2707526251673112
SRC_HUMAN_Chakraborty_2023_binding-DAS_25uM,4,0.251691982386719
SRC_HUMAN_Nguyen_2022,-1,0.4707150633596999
SRC_HUMAN_Nguyen_2022,0,0.46729609846829784
SRC_HUMAN_Nguyen_2022,1,0.3537204856384468
SRC_HUMAN_Nguyen_2022,2,0.3025081626903595
SRC_HUMAN_Nguyen_2022,3,0.2730212075748826
SRC_HUMAN_Nguyen_2022,4,0.2537006266474837
SUMO1_HUMAN_Weile_2017,-1,0.5093200112705025
SUMO1_HUMAN_Weile_2017,0,0.4680119128068902
SUMO1_HUMAN_Weile_2017,1,0.3629373633385568
SUMO1_HUMAN_Weile_2017,2,0.3635039269381615
SUMO1_HUMAN_Weile_2017,3,0.3357169053002628
SUMO1_HUMAN_Weile_2017,4,0.3220472673410332
SYUA_HUMAN_Newberry_2020,-1,0.13717477794724697
SYUA_HUMAN_Newberry_2020,0,0.21552582208852747
SYUA_HUMAN_Newberry_2020,1,0.2658096823665957
SYUA_HUMAN_Newberry_2020,2,0.2641076889098852
SYUA_HUMAN_Newberry_2020,3,0.2279934365046937
SYUA_HUMAN_Newberry_2020,4,0.23107499945406734
TADBP_HUMAN_Bolognesi_2019,-1,-0.11988571967234146
TADBP_HUMAN_Bolognesi_2019,0,-0.13156706153651854
TADBP_HUMAN_Bolognesi_2019,1,-0.14783107819166263
TADBP_HUMAN_Bolognesi_2019,2,-0.12790437046108913
TADBP_HUMAN_Bolognesi_2019,3,-0.12021625690708346
TADBP_HUMAN_Bolognesi_2019,4,-0.09031852186531616
TAT_HV1BR_Fernandes_2016,-1,0.01736105577792517
TAT_HV1BR_Fernandes_2016,0,0.05784699040610683
TAT_HV1BR_Fernandes_2016,1,0.25158027664742694
TAT_HV1BR_Fernandes_2016,2,0.3886064774452709
TAT_HV1BR_Fernandes_2016,3,0.3751633482498858
TAT_HV1BR_Fernandes_2016,4,0.3400597666563211
TCRG1_MOUSE_Tsuboyama_2023_1E0L,-1,0.7691639827416222
TCRG1_MOUSE_Tsuboyama_2023_1E0L,0,0.4691506516718636
TCRG1_MOUSE_Tsuboyama_2023_1E0L,1,0.34582707586074574
TCRG1_MOUSE_Tsuboyama_2023_1E0L,2,0.34326857149666307
TCRG1_MOUSE_Tsuboyama_2023_1E0L,3,0.3472482350113024
TCRG1_MOUSE_Tsuboyama_2023_1E0L,4,0.3474024849067419
THO1_YEAST_Tsuboyama_2023_2WQG,-1,0.5128257079901959
THO1_YEAST_Tsuboyama_2023_2WQG,0,0.5153490258399498
THO1_YEAST_Tsuboyama_2023_2WQG,1,0.5230673893832108
THO1_YEAST_Tsuboyama_2023_2WQG,2,0.5269547151622269
THO1_YEAST_Tsuboyama_2023_2WQG,3,0.5261433166040811
THO1_YEAST_Tsuboyama_2023_2WQG,4,0.5231513740378155
TNKS2_HUMAN_Tsuboyama_2023_5JRT,-1,0.5253088497347089
TNKS2_HUMAN_Tsuboyama_2023_5JRT,0,0.48953011769423943
TNKS2_HUMAN_Tsuboyama_2023_5JRT,1,0.4287637450110379
TNKS2_HUMAN_Tsuboyama_2023_5JRT,2,0.402877716254161
TNKS2_HUMAN_Tsuboyama_2023_5JRT,3,0.38212662978217
TNKS2_HUMAN_Tsuboyama_2023_5JRT,4,0.3792680231799484
TPK1_HUMAN_Weile_2017,-1,0.3385780499756083
TPK1_HUMAN_Weile_2017,0,0.3459149787653019
TPK1_HUMAN_Weile_2017,1,0.3544624376182614
TPK1_HUMAN_Weile_2017,2,0.35898679034456654
TPK1_HUMAN_Weile_2017,3,0.3595452273578918
TPK1_HUMAN_Weile_2017,4,0.3606662863415339
TPMT_HUMAN_Matreyek_2018,-1,0.5386261636122461
TPMT_HUMAN_Matreyek_2018,0,0.5315819595194554
TPMT_HUMAN_Matreyek_2018,1,0.5172159491503955
TPMT_HUMAN_Matreyek_2018,2,0.5111612613927975
TPMT_HUMAN_Matreyek_2018,3,0.5025035585481294
TPMT_HUMAN_Matreyek_2018,4,0.500416195670537
TPOR_HUMAN_Bridgford_2020,-1,0.2900958732334727
TPOR_HUMAN_Bridgford_2020,0,0.32511410490299114
TPOR_HUMAN_Bridgford_2020,1,0.38503833859567255
TPOR_HUMAN_Bridgford_2020,2,0.4116155034141642
TPOR_HUMAN_Bridgford_2020,3,0.4188928250682862
TPOR_HUMAN_Bridgford_2020,4,0.40555498974596405
TRPC_SACS2_Chan_2017,-1,0.6524507374900569
TRPC_SACS2_Chan_2017,0,0.654835646165189
TRPC_SACS2_Chan_2017,1,0.658854863104169
TRPC_SACS2_Chan_2017,2,0.6582114327453906
TRPC_SACS2_Chan_2017,3,0.6576897001574294
TRPC_SACS2_Chan_2017,4,0.6565893126058343
TRPC_THEMA_Chan_2017,-1,0.4637422434425641
TRPC_THEMA_Chan_2017,0,0.4640879918524704
TRPC_THEMA_Chan_2017,1,0.45985639466914024
TRPC_THEMA_Chan_2017,2,0.4569826538732088
TRPC_THEMA_Chan_2017,3,0.45477586454990554
TRPC_THEMA_Chan_2017,4,0.4559981733148048
UBC9_HUMAN_Weile_2017,-1,0.47260977961757394
UBC9_HUMAN_Weile_2017,0,0.5043882347478222
UBC9_HUMAN_Weile_2017,1,0.47827460136744626
UBC9_HUMAN_Weile_2017,2,0.42480495501196597
UBC9_HUMAN_Weile_2017,3,0.4233866537414816
UBC9_HUMAN_Weile_2017,4,0.3953814530164903
UBE4B_HUMAN_Tsuboyama_2023_3L1X,-1,0.4599733186142498
UBE4B_HUMAN_Tsuboyama_2023_3L1X,0,0.40014762378731594
UBE4B_HUMAN_Tsuboyama_2023_3L1X,1,0.3346891603040484
UBE4B_HUMAN_Tsuboyama_2023_3L1X,2,0.3410894528327736
UBE4B_HUMAN_Tsuboyama_2023_3L1X,3,0.3387639400765055
UBE4B_HUMAN_Tsuboyama_2023_3L1X,4,0.3397772263140398
UBE4B_MOUSE_Starita_2013,-1,0.4583545950075251
UBE4B_MOUSE_Starita_2013,0,0.3779339102586259
UBE4B_MOUSE_Starita_2013,1,0.31752425178967675
UBE4B_MOUSE_Starita_2013,2,0.2812882357881015
UBE4B_MOUSE_Starita_2013,3,0.26770506863369903
UBE4B_MOUSE_Starita_2013,4,0.25776478403817693
UBR5_HUMAN_Tsuboyama_2023_1I2T,-1,0.19883980768581247
UBR5_HUMAN_Tsuboyama_2023_1I2T,0,0.4699309596100727
UBR5_HUMAN_Tsuboyama_2023_1I2T,1,0.5198905143767897
UBR5_HUMAN_Tsuboyama_2023_1I2T,2,0.47083214924235134
UBR5_HUMAN_Tsuboyama_2023_1I2T,3,0.41824136945930745
UBR5_HUMAN_Tsuboyama_2023_1I2T,4,0.39989805779547405
VG08_BPP22_Tsuboyama_2023_2GP8,-1,0.6547953567054319
VG08_BPP22_Tsuboyama_2023_2GP8,0,0.5339871942794078
VG08_BPP22_Tsuboyama_2023_2GP8,1,0.5054571672225017
VG08_BPP22_Tsuboyama_2023_2GP8,2,0.41574488792628983
VG08_BPP22_Tsuboyama_2023_2GP8,3,0.3155163003104834
VG08_BPP22_Tsuboyama_2023_2GP8,4,0.2659637662443165
VILI_CHICK_Tsuboyama_2023_1YU5,-1,0.6617195669167732
VILI_CHICK_Tsuboyama_2023_1YU5,0,0.6424977266778269
VILI_CHICK_Tsuboyama_2023_1YU5,1,0.6352807245618931
VILI_CHICK_Tsuboyama_2023_1YU5,2,0.6293468105257567
VILI_CHICK_Tsuboyama_2023_1YU5,3,0.6208404585190724
VILI_CHICK_Tsuboyama_2023_1YU5,4,0.6164374830431274
VKOR1_HUMAN_Chiasson_2020_abundance,-1,0.49322755558013287
VKOR1_HUMAN_Chiasson_2020_abundance,0,0.4802081463619373
VKOR1_HUMAN_Chiasson_2020_abundance,1,0.4639011295400936
VKOR1_HUMAN_Chiasson_2020_abundance,2,0.45760134269983843
VKOR1_HUMAN_Chiasson_2020_abundance,3,0.4557917768837247
VKOR1_HUMAN_Chiasson_2020_abundance,4,0.46059062266181655
VKOR1_HUMAN_Chiasson_2020_activity,-1,0.4304472754017842
VKOR1_HUMAN_Chiasson_2020_activity,0,0.4310006059049406
VKOR1_HUMAN_Chiasson_2020_activity,1,0.4253252604175753
VKOR1_HUMAN_Chiasson_2020_activity,2,0.4166831193320585
VKOR1_HUMAN_Chiasson_2020_activity,3,0.40910624622581465
VKOR1_HUMAN_Chiasson_2020_activity,4,0.39670359470473365
VRPI_BPT7_Tsuboyama_2023_2WNM,-1,0.5875160391412552
VRPI_BPT7_Tsuboyama_2023_2WNM,0,0.5871865118898506
VRPI_BPT7_Tsuboyama_2023_2WNM,1,0.5866216300029147
VRPI_BPT7_Tsuboyama_2023_2WNM,2,0.584805303509003
VRPI_BPT7_Tsuboyama_2023_2WNM,3,0.5839550685317413
VRPI_BPT7_Tsuboyama_2023_2WNM,4,0.5803887447457841
YAIA_ECOLI_Tsuboyama_2023_2KVT,-1,0.6244867135763499
YAIA_ECOLI_Tsuboyama_2023_2KVT,0,0.6241398489120068
YAIA_ECOLI_Tsuboyama_2023_2KVT,1,0.6136183113988591
YAIA_ECOLI_Tsuboyama_2023_2KVT,2,0.6134203429554428
YAIA_ECOLI_Tsuboyama_2023_2KVT,3,0.6186633498492997
YAIA_ECOLI_Tsuboyama_2023_2KVT,4,0.6234042894905122
YAP1_HUMAN_Araya_2012,-1,0.46586200878774503
YAP1_HUMAN_Araya_2012,0,0.3191438569932994
YAP1_HUMAN_Araya_2012,1,0.18797566428124338
YAP1_HUMAN_Araya_2012,2,0.1330539629559696
YAP1_HUMAN_Araya_2012,3,0.09203419717364374
YAP1_HUMAN_Araya_2012,4,0.062146806526014446
YNZC_BACSU_Tsuboyama_2023_2JVD,-1,0.658707089422407
YNZC_BACSU_Tsuboyama_2023_2JVD,0,0.6363348371472117
YNZC_BACSU_Tsuboyama_2023_2JVD,1,0.6239831984187848
YNZC_BACSU_Tsuboyama_2023_2JVD,2,0.6135076935208099
YNZC_BACSU_Tsuboyama_2023_2JVD,3,0.611356452860517
YNZC_BACSU_Tsuboyama_2023_2JVD,4,0.6136122721548635
